ID,Language_ID,Name,Description,Part_Of_Speech,Parameter_ID,Comment,Paradigm_View,Source
achi-wilderness,yab,achi,,n,wilderness,,,
aijkorono-recovered,yab,aijkorono,,n,recovered,,,
ajpachi-undergrowth,yab,ajpachi,,n,undergrowth,,,
aki-worm,yab,akï,,n,worm; maggot,,,
amu-ripeness,yab,amu,,n,ripeness,,,
ami-unidentified-plant,yab,amï,,n,unidentified_plant,,,
ana-1-3pro,yab,ana,,pn,1+3PRO,,,
anoto-annatto,yab,anoto,,n,annatto,,,
anta-island,yab,anta,,n,island,,,
ante-fish-hook,yab,antë,,n,fish_hook,,,
api-ripeness,yab,api,,n,ripeness,,,
apo-later,yab,apo,,adv,later; meanwhile,,,
apuni-soap,yab,apuni,,n,soap,,,
arajmate-dangerous,yab,arajmatë,,adv,dangerous,,,
arina-trembler,yab,arina,,n,trembler,,,
aro-rice,yab,aro,,n,rice,,,
aroma-limpet,yab,aroma,,n,limpet,,,
aropoko-ball-game,yab,aropoko,,n,ball_game,,,
asakontompene-four,yab,asakontompene,,adv,four,,,
asake-two,yab,asakë,,adv,two,,,
asere-dry-cough,yab,asere,,n,dry_cough,,,
asuka-sugar,yab,asuka,,n,sugar,,,
ati-plot-of-cultivated-land,yab,ati,,n,plot_of_cultivated_land,,,
awochi-tumor,yab,awochi,,n,tumor,,,
chijchipu-body-movement,yab,chijchipu,,n,body_movement,,,
chika-bite,yab,chika,,vt,bite,,,
chike-chigger,yab,chikë,,n,chigger,,,
chima-path,yab,chima,,n,path,,,
chimichimi-worm-dog,yab,chimichimi,,n,worm(dog),,,
chipiyu-fungus-sp,yab,chipiyu,,n,fungus.sp,,,
chiramu-mange,yab,chiramu,,n,mange,,,
chirike-star,yab,chirikë,,n,star,,,
chiri-titi-monkey,yab,chiri,,n,titi_monkey,,,
chiri-wild-pineapple,yab,chiri,,n,wild_pineapple,,,
chiyakono-friend,yab,chiyakono,,n,friend,,,
chekey-nit,yab,chëkëy,,n,nit,,,
ejne-1-2pro,yab,ejnë,,pn,1+2PRO,,,
enijpete-one,yab,enijpëtë,,adv,one,,,
enire-now,yab,enirë,,adv,now; today,,,
entono-from-here,yab,entono,,n,from_here,,,
ente-here-loc,yab,entë,,adv,here.LOC,,,
epe-escape,yab,epe,,vi,escape; hide_and_seek,,,
eretapi-cultivated-plant,yab,eretapi,,n,cultivated_plant,,,
ewine-here-all,yab,ewinë,,adv,here.ALL,,,
ijmoy-egg,yab,ijmoy,,n,egg,,,
ijpu-summit,yab,ijpu,,n,summit,,,
inawe-have,yab,inawë,,postp,have,,,
ini-see,yab,ini,,vt,see,,,
intipijke-small,yab,intipijkë,,adv,small,? + [](MorphsetTable#cldf:pijkedim),,
iriyawe-then,yab,iriyawë,,adv,then,,,
irejpe-then,yab,irëjpë,,adv,then,,,
ita-hear,yab,ita,,vt,hear,,,
iyajtepe-before,yab,iyajtëpe,,adv,before,,,
iyajte-care-for,yab,iyajtë,,vt,care_for,,,
jta-foot,yab,jta,,n,foot,,,
jwaka-ill-aq,yab,jwaka,,postp,ILL.AQ; LOC.AQ,,,
kaimo-game,yab,kaimo,,n,game,,,
kamere-lightning,yab,kamere,,n,lightning,,,
kampara-big,yab,kampara,,n,big,,,
kamwiyajka-change,yab,kamwiyajka,,vt,change,,,
kapau-dasypus-novemcinctus,yab,kapau,,n,dasypus_novemcinctus,,,
karasake-white,yab,karasake,,adv,white,Probably contains [mp](keprop).,,
ka-take-out,yab,ka,,vt,take_out,,,
kasajpe-fruit-pit,yab,kasajpë,,n,fruit_pit,,,
kaso-fat,yab,kaso,,n,fat,,,
kawono-high,yab,kawono,,n,high,,,
kawe-high,yab,kawë,,adv,high,,,
kayami-louse,yab,kayamï,,n,louse,,,
kaya-barbasco,yab,kaya,,n,barbasco,,,
kaya-gourd,yab,kaya,,n,gourd,,,
kejkepe-salamander,yab,kejkepe,,n,salamander,,,
kinta-become-tired,yab,kinta,,vi,become_tired,,,
kocha-tail,yab,kocha,,n,tail,,,
kojpa-night,yab,kojpa,,n,night,,,
konopo-rain,yab,konopo,,n,rain,,,
ko-brassolis-sophorae,yab,ko,,n,brassolis_sophorae,,,
korokoro-c,yab,korokoro,,n,C.,,,
kuku-answer,yab,kuku,,vt,answer,,,
kune-cook,yab,kunë,,vt,cook,,,
kuru-prochilodus-mariae,yab,kuru,,n,prochilodus_mariae,,,
kuruwa-coroba-palm,yab,kuruwa,,n,coroba_palm,,,
kuya-tree-sp,yab,kuya,,n,tree.sp,,,
kuyuwi-bird-sp,yab,kuyuwi,,n,bird.sp,,,
kejma-hunt,yab,këjma,,vt,hunt,,,
kemu-pus,yab,këmu,,n,pus,,,
keta-stink,yab,këta,,vi,stink,,,
ketejwate-cotton,yab,këtëjwatë,,n,cotton,,,
keya-think,yab,këya,,vi,think,,,
kimiy-chili,yab,kïmïy,,n,chili,,,
kiripi-go-out,yab,kïrïpï,,vi,go_out,,,
majawa-m,yab,majawa,,n,M.,,,
majpe-m,yab,majpë,,n,M.,,,
maka-ceiba-pentandra,yab,maka,,n,ceiba_pentandra,,,
makarike-cayman,yab,makarikë,,n,cayman,,,
makuyupi-catfish-sp,yab,makuyupi,,n,catfish.sp,,,
make-mom,yab,makë,,n,mom,,,
mapara-chicken,yab,mapara,,n,chicken,,,
mare-still,yab,marë,,adv,still,,,
mati-breast,yab,mati,,n,breast,,,
mayawaka-m,yab,mayawaka,,n,M.,,,
mejya-cover,yab,mejya,,n,cover,,,
miti-root,yab,miti,,n,root; vein,,,
mone-vagina,yab,mone,,n,vagina,,,
moneka-girl-voc,yab,moneka,,n,girl.VOC,,,
monkontomo-2pl-pro,yab,monkontomo,,pn,2PL.PRO,,,
moroko-fish,yab,moroko,,n,fish,,,
morone-hurting,yab,morone,,adv,hurting,,,
moroni-pain,yab,moroni,,n,pain,,,
morono-poison,yab,morono,,n,poison,,,
moto-worm,yab,moto,,n,worm,,,
moyochi-spider-sp,yab,moyochi,,n,spider(sp.),,,
mujna-grave,yab,mujna,,n,grave,,,
mujyane-pregnancy,yab,mujyanë,,n,pregnancy,,,
muku-child,yab,muku,,n,child,,,
mune-bulbous,yab,mune,,adv,bulbous,,,
munta-budding,yab,munta,,vi,budding,,,
mejki-dist-anim,yab,mëjkï,,pn,DIST.ANIM,,,
mere-2pro,yab,mërë,,pn,2PRO,,,
mijna-there-all,yab,mïjna,,adv,there.ALL,,,
minte-there-loc,yab,mïntë,,adv,there.LOC,,,
mira-priodontes-maximus,yab,mïra,,n,priodontes_maximus,,,
nai-do,yab,nai,,vt,do,,,
najmo-grandmother,yab,najmo,,n,grandmother,,,
najpi-grandfather,yab,najpï,,n,grandfather,,,
najwata-harbor,yab,najwata,,n,harbor,,,
naki-thirst,yab,naki,,n,thirst,,,
nata-door,yab,nata,,n,door,,,
nepi-bring,yab,nepï,,vt,bring,,,
nono-earth,yab,nono,,n,earth,,,
nope-good,yab,nope,,adv,good,,,
noro-parrot-sp,yab,noro,,n,parrot.sp,,,
noti-potential-partner,yab,noti,,n,potential_partner; cross_cousin,,,
nta-mouth,yab,nta,,n,mouth,,,
nune-moon,yab,nunë,,n,moon,,,
nu-tongue,yab,nu,,n,tongue,,,
nwajte-dance,yab,nwajtë,,vi,dance,,,
neme-leave,yab,nëmë,,vt,leave,,,
ochi-o,yab,ochi,,n,O.,,,
ojpa-give-drink,yab,ojpa,,vt,give_drink,,,
onono-another,yab,onono,,n,another,,,
orojyamo-evil-being,yab,orojyamo,,n,evil_being,,,
pachi-older-sister-of-woman,yab,pachi,,n,older_sister_of_woman,,,
paijku-p,yab,paijku,,n,P.,,,
paka-cow,yab,paka,,n,cow,,,
pakara-basket,yab,pakara,,n,basket,,,
pakura-coix-lacryma-jobi,yab,pakura,,n,Coix_lacryma_jobi,,,
paku-arrow-tip,yab,paku,,n,arrow_tip,,,
pana-ear,yab,pana,,n,ear,,,
pana-dat,yab,pana,,postp,DAT,,,
papa-father,yab,papa,,n,father,,,
parujpe-broth,yab,parujpë,,n,broth,,,
pata-village,yab,pata,,n,village,,,
pata-axe,yab,pata,,n,axe,,,
pate-cross,yab,patë,,vt,cross,,,
penare-before,yab,penarë,,adv,before,,,
pene-piranha,yab,pene,,n,piranha,,,
pepoye-above-perl,yab,pepoye,,postp,above.PERL,,,
pe-palm-sp,yab,pe,,n,palm.sp,,,
peti-leg,yab,peti,,n,leg,,,
peye-turtle-sp,yab,peye,,n,turtle.sp,,,
picha-capuchin-monkey,yab,picha,,n,capuchin_monkey,,,
pichipichi-whitebait,yab,pichipichi,,n,whitebait,,,
pijpe-skin,yab,pijpë,,n,skin,,,
pika-peel,yab,pika,,vt,peel,,,
pike-fart,yab,pikë,,n,fart,,,
pipi-younger-brother-of-woman,yab,pipi,,n,younger_brother_of_woman,,,
pirini-walk,yab,pirini,,vi,walk,,,
pojte-want,yab,pojtë,,vt,want,,,
poroko-basket-sp,yab,poroko,,n,basket.sp,,,
poseti-belly,yab,poseti,,n,belly,,,
pota-mouth,yab,pota,,n,mouth; shore,,,
poye-above,yab,poye,,postp,above,,,
punu-flesh,yab,punu,,n,flesh,,,
putu-feel,yab,putu,,vt,feel,,,
peke-about,yab,pëkë,,postp,about,,,
penaka-return,yab,pënaka,,vt,return,Maybe derived with [mp](kavbz).,,
pimi-neck,yab,pïmï,,n,neck,,,
pirika-endure,yab,pïrïka,,vt,endure,,,
roka-wash,yab,roka,,vt,wash,,,
roko-crazy,yab,roko,,n,crazy,,,
romoye-downriver,yab,romoye,,adv,downriver,,,
rotoro-doctor,yab,rotoro,,n,doctor,,,
rui-older-brother,yab,rui,,n,older_brother,,,
sai-penis,yab,sai,,n,penis,,,
sakara-hoplias-malabaricus,yab,sakara,,n,hoplias_malabaricus,,,
sakau-sand,yab,sakau,,n,sand,,,
saku-sweet-potato,yab,saku,,n,sweet_potato,,,
samo-cry,yab,samo,,vi,cry,,,
sampu-black-piranha,yab,sampu,,n,black_piranha,,,
sapara-heavy-pot,yab,sapara,,n,heavy_pot,,,
sare-here-all,yab,sarë,,adv,here.ALL,,,
sawo-rapids,yab,sawo,,n,rapids,,,
sepami-get-married,yab,sepamï,,vi,get_married,,,
sere-bitter-manioc,yab,sere,,n,bitter_manioc,,,
sojpa-take-out,yab,sojpa,,vt,take_out,,,
sopika-skin,yab,sopika,,vt,skin,,,
sukase-all,yab,sukase,,adv,all,,,
sukutaka-yucuta,yab,sukutaka,,n,yucuta,,,
surukupi-fish-sp,yab,surukupi,,n,fish.sp,,,
sema-die,yab,sëma,,vi,die,Looks like a DETRZ?,,
tajme-ugly,yab,tajme,,adv,ugly,,,
tajnomo-piaroa,yab,tajnomo,,n,Piaroa,,,
tajromini-bad-omen,yab,tajromini,,n,bad_omen,,,
tajropo-have-fever,yab,tajropo,,vi,have_fever,,,
takono-other,yab,takono,,n,other,,,
takunu-laziness,yab,takunu,,n,laziness,,,
tapa-beat,yab,tapa,,vt,beat,,,
tarine-fast,yab,tarine,,adv,fast,Derived with _-ne_?,,
taro-say,yab,taro,,vt,say,,,
tawani-darkness,yab,tawani,,n,darkness,,,
tawa-nyctidromus-albicollis,yab,tawa,,n,nyctidromus_albicollis,,,
tejwetunu-sick,yab,tejwetunu,,n,sick,,,
temeki-defend,yab,temekï,,vt,defend,,,
tojpa-hit,yab,tojpa,,vt,hit,,,
tonko-play,yab,tonko,,vi,play,,,
torono-bird,yab,torono,,n,bird,,,
torote-cemetery,yab,torotë,,n,cemetery,,,
toto-non-indian,yab,toto,,n,non_Indian,,,
tujnaka-iller,yab,tujnaka,,adv,iller,,,
tuna-water,yab,tuna,,n,water,,,
tunami-hide,yab,tunamï,,vt,hide,,,
tu-give,yab,tu,,vt,give,,,
te-loc,yab,të,,postp,LOC,,,
teijpo-far,yab,tëijpo,,adv,far; long,,,
tejta-hollow,yab,tëjta,,n,hollow,,,
tewi-3pro,yab,tëwï,,pn,3PRO,,,
tewisantomo-3pro-pl,yab,tëwïsantomo,,pn,3PRO.PL,,,
waijta-mouse,yab,waijta,,n,mouse,,,
waijte-head,yab,waijtë,,n,head,,,
waimu-language,yab,waimu,,n,language,,,
waimu-speak,yab,waimu,,vi,speak,,,
wajto-fire,yab,wajto,,n,fire,,,
wajyaki-happy,yab,wajyakï,,n,happy,,,
wajyaki-be-happy,yab,wajyakï,,vi,be_happy,,,
wajyama-kiss,yab,wajyama,,vt,kiss,,,
wanapu-savannah,yab,wanapu,,n,savannah,,,
wanene-aunt,yab,wanene,,n,aunt,,,
waraijtokomo-man,yab,waraijtokomo,,n,man,,,
waraijto-husband,yab,waraijto,,n,husband,,,
warota-work,yab,warota,,vi,work,,,
waruwa-hoti,yab,waruwa,,n,hoti,,,
wasayi-attalea-maripa,yab,wasayi,,n,attalea_maripa,,,
wati-burn,yab,watï,,vi,burn,,,
wawe-loc-aq,yab,wawë,,postp,LOC.AQ,,,
weka-defecate,yab,weka,,vi,defecate,,,
wena-vomit,yab,wena,,n,vomit,,,
wenkepi-forget,yab,wenkepï,,vi,forget,,,
wepi-come,yab,wepï,,vi,come,,,
wereta-arrive,yab,wereta,,vi,arrive,Potentially derived with [mp](tavbz).,,
werewere-mosquito-sp,yab,werewere,,n,mosquito_sp.,,,
wereyi-cloud,yab,wereyi,,n,cloud,,,
weroro-dog,yab,weroro,,n,dog,,,
weseyu-be-brave,yab,weseyu,,vi,be_brave,,,
wiriyamo-woman,yab,wiriyamo,,n,woman,,,
wejka-fall,yab,wëjka,,vi,fall,,,
wejte-go-down,yab,wëjtë,,vi,go_down,,,
we-kill,yab,wë,,vt,kill,,,
winiki-sleep,yab,wïnïkï,,vi,sleep,,,
wire-1pro,yab,wïrë,,pn,1PRO,,,
ya-ra-grandchild,yab,ya'ra,,n,grandchild,,,
yajno-brother-in-law-man,yab,yajno,,n,brother_in_law(man),,,
yaka-all,yab,yaka,,postp,ALL,,,
yaka-dig-out,yab,yaka,,vt,dig_out,,,
yamane-make,yab,yamanë,,vt,make,,,
yami-pick-up,yab,yamï,,vt,pick_up,,,
yane-mother,yab,yanë,,n,mother,,,
yaniki-call,yab,yanïkï,,vt,call,,,
yapijtomo-old,yab,yapijtomo,,n,old,Fossilized _-tomo_.,,
yapechi-grab,yab,yapëchi,,vt,grab,,,
yarika-laugh,yab,yarika,,vi,laugh,,,
yaruwa-laugh,yab,yaruwa,,vi,laugh,,,
yare-bring,yab,yarë,,vt,bring,,,
yatane-adolescent,yab,yatanë,,n,adolescent,,,
yatunu-day,yab,yatunu,,n,day; sun,,,
yate-loc,yab,yatë,,postp,LOC,,,
yawaka-sow,yab,yawaka,,vt,sow,,,
yawaki-grate,yab,yawakï,,vt,grate,,,
yawanka-kill,yab,yawanka,,vt,kill,,,
yaye-loc,yab,yaye,,postp,LOC,,,
yemekunu-five,yab,yemekunu,,n,five,,,
yeme-eat-fruits-eggs-soup,yab,yeme,,vt,"eat(fruits,_eggs,_soup)",,,
yenepe-send-away,yab,yenepe,,vt,send_away,,,
yepema-pay,yab,yepema,,vt,pay,Potentially derived with [mp](macaus).,,
yojma-mix,yab,yojma,,vt,mix,Maybe from [mp](oki-chicha) and [mp](macaus)?,,
yojte-fish-with-hook,yab,yojtë,,vt,fish_with_hook,,,
yoko-pimple,yab,yoko,,n,pimple,,,
yoki-eat-starch,yab,yokï,,vt,eat(starch),,,
yopo-find,yab,yopo,,vt,find,,,
yujwa-burn,yab,yujwa,,vt,burn,,,
yumpe-fairly,yab,yumpe,,adv,fairly; much,,,
yutu-forest,yab,yutu,,n,forest,,,
ye-tooth,yab,yë,,n,tooth,,,
yejpe-bone,yab,yëjpë,,n,bone,,,
yempeka-offend,yab,yëmpëka,,vt,offend,,,
yeni-drink,yab,yëni,,vt,drink,,,
yene-eat-meat,yab,yënë,,vt,eat(meat),,,
yewuku-answer,yab,yëwuku,,vt,answer,,,
yeye-tree,yab,yëye,,n,tree,,,
yipi-mountain,yab,yïpï,,n,mountain,,,
ejpina-often,yab,ëjpïna,,adv,often,,,
ekere-jaguar,yab,ëkërë,,n,jaguar,,,
empare-already,yab,ëmpare,,adv,already,,,
enuku-go-up,yab,ënuku,,vi,go_up,,,
erine-cooking-pot,yab,ërinë,,n,cooking_pot,,,
etipa-go-in-group,yab,ëtïpa,,vi,go_in_group,,,
ya-erg,yab,ya,,postp,ERG,,,
ya-obl,yab,ya,,postp,OBL,,,
yawe-loc,yab,yawë,,postp,LOC,,,
tawara-too,yab,tawara,,adv,too,,,
chi-cop,yab,chi,,vi,COP,*eti,,
waraij-like,yab,waraij,,postp,like,,,
te-go,yab,të,,vi,go,Irregularly inflected.,,
ke-ins,yab,ke,,postp,INS,,,
ewenke-ignorant,yab,ewenke,,postp,ignorant,,,
suku-urine,yab,suku,,n,urine,,,
mesuku-blood,yab,mesuku,,n,blood,,,
enka-finish,yab,ënka,,vt,finish,,,
enejka-watch,yab,enejka,,vt,watch,,,
wajto-fire-1,yab,wajto,,n,fire,,,
naij-do,yab,naij,,vt,do,,,
tawejka-dawn,yab,tawejka,,vi,dawn,,,
aniki-who,yab,anïkï,,pn,who,,,
ka-say,yab,ka,,vi,say,,,
iwiti-house,yab,ïwïtï,,n,house,,,
tawaja-thus-neg,yab,tawaja,,adv,thus.NEG,"Looks suspiciously like [mp](tawara-too) and [mp](janeg), but the combination would be unexpected.",,
kanta-sing,yab,kanta,,vi,sing,,,
ekete-where,yab,ëkëtë,,adv,where,,,
eki-chicha,yab,ëkï,,n,chicha,,,
womi-enter,yab,womï,,vi,enter,,,
i-put,yab,i,,vt,put,,,
peremeki-talk,yab,përemekï,,vi,talk,,,
yekerema-boast-sexually,yab,yekerema,,vt,boast_sexually,,,
sukuri-silently,yab,sukuri,,adv,silently,,,
yare-alone,yab,yarë,,postp,alone,,,
wera-like,yab,wëra,,postp,like,,,
po-loc,yab,po,,postp,LOC,,,
tewijna-there-ana,yab,tëwïjna,,adv,there.ANA,Potentially morphologically complex; related to [mp](tewi-3pro)?,,
ese-name,yab,ese,,n,name,,,
empami-learn,yab,ëmpamï,,vi,learn,,,
yakucho-p-a,yab,yakucho,,n,P._A.,,,
pedrito-p,yab,pedrito,,n,P.,,,
akino-younger-brother,yab,akino,,n,younger_brother,,,
pajarito-p,yab,pajarito,,n,P.,,,
yakara-believe,yab,yakara,,vi,believe,,,
tajnon-piaroa,yab,tajnon,,n,Piaroa,,,
tamanaku-t,yab,tamanaku,,n,T.,,,
irario-h,yab,irario,,n,H.,,,
pupuri-bactris-gasipaes,yab,pupuri,,n,Bactris_gasipaes,,,
pijiguao-bactris-gasipaes,yab,pijiguao,,n,Bactris_gasipaes,,,
awo-uncle,yab,awo,,n,uncle; father_in_law,,,
ejwe-hammock,yab,ejwe,,n,hammock,,,
yakete-cut,yab,yakëtë,,vt,cut,,,
enrike-e,yab,enrike,,n,E.,,,
kayupare-k,yab,kayupare,,n,K.,,,
parangana-pot,yab,parangana,,n,pot,Spanish loan.,,
tampa-become-angry,yab,tampa,,vi,become_angry,,,
nanka-find,yab,nanka,,vt,find,,,
akono-younger-sister-of-woman,yab,akono,,n,younger_sister_of_woman,,,
kano-c,yab,kaño,,n,C.,,,
chiwapure-c,yab,chiwapure,,n,C.,,,
nwa-glute,yab,nwa,,n,glute,,,
enu-eye,yab,ënu,,n,eye,,,
ejne-below,yab,ëjnë,,postp,below,,,
neto-n,yab,neto,,n,N.,,,
erepunu-sick,yab,erepunu,,n,sick,,,
antonio-a,yab,antonio,,n,A.,,,
sarampion-measles,yab,sarampion,,n,measles,Spanish loan.,,
santo-s,yab,santo,,n,S.,,,
melicio-m,yab,melicio,,n,M.,,,
joti-hoti,yab,joti,,n,hoti,,,
akere-relative,yab,akërë,,n,relative,,,
kawaratu-k,yab,kawaratu,,n,K.,,,
u-starchy-food,yab,u,,n,starchy_food,,,
wintika-disappear,yab,wintika,,vi,disappear,,,
javier-j,yab,javier,,n,J.,,,
wanita-j,yab,wanita,,n,J.,,,
sawankuwi-die,yab,sawankuwi,,vi,die,,,
yawarana-yawarana,yab,yawarana,,n,Yawarana,,,
kukurito-k,yab,kukurito,,n,K.,,,
wine-from,yab,winë,,postp,from,,,
kunawo-brother-in-law,yab,kuñawo,,n,brother_in_law,Spanish loan.,,
yamuwati-y,yab,yamuwati,,n,Y.,,,
merisiyo-m,yab,merisiyo,,n,M.,,,
kanejte-weave,yab,kanejtë,,vi,weave,Maybe with [mp](jtevbz)?,,
indigena-indigenous-person,yab,indigena,,n,indigenous_person,,,
pekepene-alone,yab,pëkëpene,,postp,alone,,,
margarita-m,yab,margarita,,n,M.,,,
kajwe-coffee,yab,kajwe,,n,coffee,Spanish loan.,,
kapitan-chief,yab,kapitan,,n,chief,Spanish loan.,,
are-leaf,yab,are,,n,leaf; hair,,,
julieta-j,yab,julieta,,n,J.,,,
ron-rum,yab,ron,,n,rum,Spanish loan.,,
pike-when,yab,pïkë,,postp,when,,,
toma-t,yab,toma,,n,T.,,,
peremeki-speak,yab,peremekï,,vi,speak,,,
sanaka-heal,yab,sanaka,,vi,heal,,,
sempinuku-close-eyes,yab,sëmpinuku,,vi,close_eyes,,,
yolanda-y,yab,yolanda,,n,Y.,,,
pe-ess,yab,pe,,postp,ESS,,,
kerejpe-old,yab,kërëjpë,,n,old,Looks like a lexicalized *-jpë*.,,
kere-old,yab,kërë,,n,old,Bound root?,,
mesuku-blood-1,yab,mesuku,,n,blood,-tu PERT,,
enu-eye-1,yab,ënu,,n,eye,,,
emekunu-hand,yab,emekunu,,n,hand,,,
ere-liver,yab,ere,,n,liver,,,
oti-meat,yab,oti,,n,meat,,,
ena-nose,yab,ëna,,n,nose,,,
echi-smoke,yab,ëchi,,n,smoke,,,
tepu-stone,yab,tëpu,,n,stone,,,
ape-arm-wing,yab,apë,,n,"arm,_wing",,,
yeremutu-ash,yab,yeremutu,,n,ash,,,
kanawa-canoe,yab,kanawa,,n,canoe,,,
kemichini-be-cold,yab,këmïchini,,vi,be_cold,,,
yakuri-agouti,yab,yakuri,,n,agouti,,,
makampra-aunt,yab,makampra,,n,aunt,older sister of mother,,
yemi-be-hungry,yab,yëmï,,vi,be_hungry,,,
ijmojka-cook,yab,ijmojka,,vt,cook,,,
padrastro-stepfather,yab,padrastro,,n,stepfather,,,
rafa-rafa,yab,rafa,,n,Rafa,,,
perez-perez,yab,perez,,n,Perez,,,
akere-with,yab,akërë,,postp,with,,,
ka-all,yab,ka,,postp,ALL,,,
maijte-go-imp,yab,maijtë,,vi,go.IMP,,,
ejnomo-ejnomo,yab,ejnomo,,n,ejnomo,mother of the water,,
sujta-urinate,yab,sujta,,vi,urinate,,,
kaimota-hunt,yab,kaimota,,vi,hunt,,,
meteta-thin,yab,mëtëta,,vi,thin,,,
yokota-grow-pimple,yab,yokota,,vi,grow pimple,,,
erepunta-become-sick,yab,erepunta,,vi,become sick,,,
wereyta-cloud-over,yab,wereyta,,vi,cloud over,,,
wanaputa-grow-savannah-grass,yab,wanaputa,,vi,grow savannah grass,,,
sakauta-get-sandy,yab,sakauta,,vi,get sandy,,,
rokota-become-crazy,yab,rokota,,vi,become crazy,,,
punta-form-pulp,yab,punta,,vi,form pulp,,,
piketa-fart,yab,pikëta,,vi,fart,,,
pichipichita-form-whitebait,yab,pichipichita,,vi,form whitebait,,,
nakita-be-thirsty,yab,nakita,,vi,be thirsty,,,
mukuta-have-son,yab,mukuta,,vi,have son,,,
motota-fill-with-worms,yab,motota,,vi,fill with worms,,,
moronta-hurt,yab,moronta,,vi,hurt,,,
mesujta-bleed,yab,mesujta,,vi,bleed,,,
kereta-ripen,yab,kërëta,,vi,ripen,,,
kemuta-emit-pus,yab,këmuta,,vi,emit pus,,,
konopota-start-rainy-season,yab,konopota,,vi,start rainy season,,,
kawonota-get-high,yab,kawonota,,vi,get high,,,
kamparata-grow,yab,kamparata,,vi,grow; change (voice),,,
chekeyta-fill-with-nits,yab,chëkëyta,,vi,fill with nits,,,
chimichimita-fill-with-worms-dog,yab,chimichimita,,vi,fill with worms (dog),,,
chiketa-get-chiggers,yab,chikëta,,vi,get chiggers,,,
awochita-form-tumor,yab,awochita,,vi,form tumor,,,
asereta-have-dry-cough,yab,asereta,,vi,have dry cough,,,
aijkoronota-recover,yab,aijkoronota,,vi,recover,,,
ajpachita-overgrows,yab,ajpachita,,vi,overgrows,,,
akita-fill-with-worms,yab,akïta,,vi,fill with worms,,,
apita-ripen,yab,apita,,vi,ripen,,,
amuta-ripen,yab,amuta,,vi,ripen,,,
chijchiputa-move-body,yab,chijchiputa,,vi,move body,,,
kasota-fatten,yab,kasota,,vi,fatten,,,
takunuta-slack-off,yab,takunuta,,vi,slack off,,,
werewereta-swarm-mosquitos,yab,werewereta,,vi,swarm (mosquitos),,,
keyata-grow,yab,këyata,,vi,grow,,,
majta-become-thin,yab,majta,,vi,become thin,,,
paijta-swell-river,yab,paijta,,vi,swell (river),,,
wenaka-vomit,yab,wenaka,,vt,vomit,,,
ajpachika-weed,yab,ajpachika,,vt,weed,,,
mejyaka-uncover,yab,mejyaka,,vt,uncover,,,
moronka-make-suffer,yab,moronka,,vt,make suffer,,,
mujnaka-dig-out,yab,mujnaka,,vt,dig out,,,
pataka-take-out,yab,pataka,,vt,take out,,,
ejnai-make-self,yab,ëjnai,,vi,make self,,,
ejwenaka-vomit,yab,ëjwenaka,,vi,vomit,,,
serema-eat,yab,serema,,vi,eat,,,
senka-finish,yab,sënka,,vi,finish,,,
ejneme-remain,yab,ëjnëmë,,vi,remain,Interesting semantics?,,
senejka-stay,yab,senejka,,vi,stay,,,
apataka-come-out,yab,apataka,,vi,come out,,,
sereka-become-tired,yab,sereka,,vi,become tired,,,
esene-see-self,yab,esene,,vi,see self,,,
atapej-seize-on,yab,atapëj,,vi,seize on,,,
ejpenaka-return,yab,ëjpënaka,,vi,return,,,
katupuma-pile-up,yab,katupuma,,vt,pile up,,,
keyama-raise,yab,këyama,,vt,raise,,,
kirima-thicken,yab,kïrïma,,vt,thicken,,,
morontama-cause-pain,yab,morontama,,vt,cause pain,,,
pejma-bewitch,yab,pejma,,vt,bewitch,,,
yajwema-sweeten,yab,yajwema,,vt,sweeten,,,
yapima-make-worse,yab,yapima,,vt,make worse,,,
yatuma-warm,yab,yatuma,,vt,warm,,,
yerema-feed,yab,yerema,,vt,feed,,,
yakarama-tell,yab,yakarama,,vt,tell,,,
kojpaye-at-night,yab,kojpaye,,adv,at night,,,
kamprake-big,yab,kamprake,,adv,big,,,
tejpore-tasty,yab,tejpore,,adv,tasty,,,
tapire-red,yab,tapire,,adv,red,,,
pechine-odorous,yab,pëchine,,adv,odorous,,,
makepijke-second-mother,yab,makëpïjkë,,n,second mother,,,
meteye-thin,yab,mëtëye,,adv,thin,,,
tepeti-go-plur,yab,tëpëti,,vi,go (PLUR),,,
sejpeti-dream,yab,sejpëti,,vi,dream,,,
mujnajte-bury,yab,mujnajtë,,vt,bury,,,
asereke-dry-cough-prop,yab,asere-ke,,adv,dry_cough-PROP,,,
enirono-now-nmlz,yab,eniro-no,,n,now-NMLZ; today-NMLZ,,,
ijmokani-cook-agtnmlz,yab,ijmoka-ni,,n,cook-AGTNMLZ,,,
kamparake-big-prop,yab,kampara-ke,,adv,big-PROP,,,
kereke-old-prop,yab,kërë-ke,,adv,old-PROP,,,
keyari-think-acnnmlz,yab,këya-ri,,n,think-ACNNMLZ,,,
nonoke-earth-prop,yab,nono-ke,,n,earth-PROP,,,
nopano-good-nmlz,yab,nop-ano,,n,good-NMLZ,,,
pejmani-bewitch-agtnmlz,yab,pejma-ni,,n,bewitch-AGTNMLZ,,,
teijpono-far-nmlz,yab,teijpo-no,,n,far-NMLZ; long-NMLZ,,,
tejporemi-tasty-nmlz,yab,tejpore-mï,,n,tasty-NMLZ,,,
weseyuri-be-brave-acnnmlz,yab,weseyu-ri,,n,be_brave-ACNNMLZ,,,
tari-say-acnnmlz,yab,ta-ri,,n,say-ACNNMLZ,,,
chiri-cop-acnnmlz,yab,chi-ri,,n,COP-ACNNMLZ,,,
yenese-eat-meat-ptcp,yab,yënë-se,,n,eat(meat)-PTCP; eat(meat)-SUP,,,
tajtane-say-cncs,yab,taj-tane,,adv,say-CNCS,,,
tajtoj-say-circ-nmlz,yab,taj-toj,,n,say-CIRC.NMLZ,,,
inijpe-see-pst-acnnmlz,yab,ini-jpë,,n,see-PST.ACNNMLZ,,,
sereke-bitter-manioc-prop,yab,sere-ke,,adv,bitter_manioc-PROP,,,
yemepeti-eat-fruits-eggs-soup-plur,yab,yeme-pëti,,vt,"eat(fruits,_eggs,_soup)-PLUR",,,
keyatajpe-grow-pst-acnnmlz,yab,këyata-jpë,,n,grow-PST.ACNNMLZ,,,
enireno-now-nmlz,yab,enirë-no,,n,now-NMLZ; today-NMLZ,,,
yaweno-loc-nmlz,yab,yawë-no,,n,LOC-NMLZ,,,
nairi-do-acnnmlz,yab,nai-ri,,adv,do-ACNNMLZ,,,
ijmojkatopo-cook-circ-nmlz,yab,ijmojka-topo,,n,cook-CIRC.NMLZ,,,
kani-take-out-agtnmlz,yab,ka-ni,,n,take_out-AGTNMLZ,,,
turi-give-acnnmlz,yab,tu-ri,,n,give-ACNNMLZ,,,
empampej-learn-plur,yab,ëmpam-pëj,,vi,learn-PLUR,,,
moronkapo-make-suffer-des,yab,moronka-po,,vt,make_suffer-DES,,,
taropo-say-des,yab,taro-po,,vt,say-DES,,,
empamtoj-learn-circ-nmlz,yab,ëmpam-toj,,n,learn-CIRC.NMLZ,,,
tajpeti-say-plur,yab,taj-pëti,,vt,say-PLUR,,,
pojteri-want-acnnmlz,yab,pojtë-ri,,n,want-ACNNMLZ,,,
wejpo-come-des,yab,wej-po,,vi,come-DES,,,
yepematopo-pay-circ-nmlz,yab,yepema-topo,,n,pay-CIRC.NMLZ,,,
warotatopo-work-circ-nmlz,yab,warota-topo,,n,work-CIRC.NMLZ,,,
yakaramari-tell-acnnmlz,yab,yakarama-ri,,n,tell-ACNNMLZ,,,
serekapo-become-tired-des,yab,sereka-po,,vi,become_tired-DES,,,
pokono-about-nmlz,yab,poko-no,,n,about-NMLZ,,,
tunamri-hide-acnnmlz,yab,tunam-ri,,n,hide-ACNNMLZ,,,
yarikatopo-laugh-circ-nmlz,yab,yarika-topo,,n,laugh-CIRC.NMLZ,,,
itapo-hear-des,yab,ita-po,,vt,hear-DES,,,
yaruwatopo-laugh-circ-nmlz,yab,yaruwa-topo,,n,laugh-CIRC.NMLZ,,,
iniri-see-acnnmlz,yab,ini-ri,,n,see-ACNNMLZ,,,
yarikase-laugh-ptcp,yab,yarika-se,,n,laugh-PTCP; laugh-SUP,,,
yakaramapeti-tell-plur,yab,yakarama-pëti,,vt,tell-PLUR,,,
yeneni-eat-meat-agtnmlz,yab,yënë-ni,,n,eat(meat)-AGTNMLZ,,,
ekejna-where-nmlz,yab,ëkëj-na,,n,where-NMLZ,,,
yapejtane-grab-cncs,yab,yapëj-tane,,adv,grab-CNCS,,,
mukupijke-child-dim,yab,muku-pïjkë,,n,child-DIM,,,
yenepej-eat-meat-plur,yab,yënë-pëj,,vt,eat(meat)-PLUR,,,
tena-loc-nmlz,yab,të-na,,n,LOC-NMLZ,,,
tampapeti-become-angry-plur,yab,tampa-pëti,,vi,become_angry-PLUR,,,
panake-ear-prop,yab,pana-ke,,adv,ear-PROP,,,
samopeti-cry-plur,yab,samo-pëti,,vi,cry-PLUR,,,
tajrominke-bad-omen-prop,yab,tajromin-ke,,n,bad_omen-PROP,,,
semapej-die-plur,yab,sëma-pëj,,vi,die-PLUR,,,
semari-die-acnnmlz,yab,sëma-ri,,n,die-ACNNMLZ,,,
esemane-die-inf,yab,ësëma-në,,n,die-INF,,,
wenkejpej-forget-plur,yab,wënkej-pëj,,vi,forget-PLUR,,,
weseise-be-brave-ptcp,yab,wesei-se,,n,be_brave-PTCP; be_brave-SUP,,,
atapejse-seize-on-ptcp,yab,atapëj-se,,adv,seize_on-PTCP; seize_on-SUP,,,
tapej-say-plur,yab,ta-pëj,,vt,say-PLUR,,,
inpo-see-des,yab,in-po,,vt,see-DES,,,
tawejkari-dawn-acnnmlz,yab,tawejka-ri,,n,dawn-ACNNMLZ,,,
yakase-dig-out-ptcp,yab,yaka-se,,n,dig_out-PTCP; dig_out-SUP,,,
enteno-here-loc-nmlz,yab,entë-no,,n,here.LOC-NMLZ,,,
yenpo-drink-des,yab,yën-po,,vt,drink-DES,,,
yempekapeti-offend-plur,yab,yëmpëka-pëti,,vt,offend-PLUR,,,
semajpe-die-pst-acnnmlz,yab,sëma-jpë,,n,die-PST.ACNNMLZ,,,
yemiri-be-hungry-acnnmlz,yab,yëmi-ri,,n,be_hungry-ACNNMLZ,,,
serematojpe-eat-purp,yab,s-erema-tojpe,,adv,eat-PURP,,,
semasape-die-abs-nmlz,yab,sëma-sapë,,n,die-ABS.NMLZ,,,
kejmatojpe-hunt-purp,yab,këjma-tojpe,,adv,hunt-PURP,,,
ijmokatojpe-cook-purp,yab,ijmoka-tojpe,,adv,cook-PURP,,,
tajtojpe-say-purp,yab,taj-tojpe,,adv,say-PURP,,,
wejtane-cop-cncs,yab,wej-tane,,adv,COP-CNCS,,,
inse-see-ptcp,yab,in-se,,adv,see-PTCP; see-SUP,,,
ijmojkani-cook-agtnmlz,yab,ijmojka-ni,,n,cook-AGTNMLZ,,,
yanse-pick-up-ptcp,yab,yan-se,,n,pick_up-PTCP; pick_up-SUP,,,
tuse-give-ptcp,yab,tu-se,,n,give-PTCP; give-SUP,,,
teri-go-acnnmlz,yab,të-ri,,n,go-ACNNMLZ,,,
itopo-put-circ-nmlz,yab,i-topo,,n,put-CIRC.NMLZ,,,
yantopo-pick-up-circ-nmlz,yab,yan-topo,,n,pick_up-CIRC.NMLZ,,,
apatakase-come-out-ptcp,yab,a-pataka-se,,adv,come_out-PTCP; come_out-SUP,,,
yenejpe-eat-meat-pst-acnnmlz,yab,yënë-jpë,,n,eat(meat)-PST.ACNNMLZ,,,
wejsape-come-abs-nmlz,yab,wej-sapë,,n,come-ABS.NMLZ,,,
apono-later-nmlz,yab,apo-no,,n,later-NMLZ; meanwhile-NMLZ,,,
moronemi-hurting-nmlz,yab,morone-mï,,n,hurting-NMLZ,,,
enirem-now-nmlz,yab,enirë-m,,n,now-NMLZ; today-NMLZ,,,
tojpapeti-hit-plur,yab,tojpa-pëti,,vt,hit-PLUR,,,
tani-say-agtnmlz,yab,ta-ni,,n,say-AGTNMLZ,,,
enijpeteno-one-nmlz,yab,enijpëtë-no,,n,one-NMLZ,,,
yampej-pick-up-plur,yab,yam-pëj,,vt,pick_up-PLUR,,,
weri-kill-acnnmlz,yab,wë-ri,,n,kill-ACNNMLZ,,,
epepej-escape-plur,yab,epe-pëj,,vi,escape-PLUR; hide_and_seek-PLUR,,,
wepej-kill-plur,yab,wë-pëj,,vt,kill-PLUR,,,
tajtopo-say-circ-nmlz,yab,taj-topo,,n,say-CIRC.NMLZ,,,
yojse-eat-starch-ptcp,yab,yoj-se,,n,eat(starch)-PTCP; eat(starch)-SUP,,,
yense-drink-ptcp,yab,yën-se,,n,drink-PTCP; drink-SUP,,,
yamanse-make-ptcp,yab,yaman-se,,n,make-PTCP; make-SUP,,,
yajwemari-sweeten-acnnmlz,yab,yajwema-ri,,n,sweeten-ACNNMLZ,,,
yeniri-drink-acnnmlz,yab,yëni-ri,,n,drink-ACNNMLZ,,,
semori-cry-acnnmlz,yab,sëmo-ri,,n,cry-ACNNMLZ,,,
senkari-finish-acnnmlz,yab,s-ënka-ri,,n,finish-ACNNMLZ,,,
chijpe-cop-pst-acnnmlz,yab,chi-jpë,,n,COP-PST.ACNNMLZ,,,
tarojpe-say-pst-acnnmlz,yab,taro-jpë,,n,say-PST.ACNNMLZ,,,
watiri-burn-acnnmlz,yab,watï-ri,,n,burn-ACNNMLZ,,,
tene-go-inf,yab,të-në,,n,go-INF,,,
eseneri-see-self-acnnmlz,yab,esene-ri,,n,see_self-ACNNMLZ,,,
seneri-see-self-acnnmlz,yab,sene-ri,,n,see_self-ACNNMLZ,,,
rokotapeti-become-crazy-plur,yab,rokota-pëti,,vi,become_crazy-PLUR,,,
patakajpe-take-out-pst-acnnmlz,yab,pataka-jpë,,n,take_out-PST.ACNNMLZ,,,
wajpej-burn-plur,yab,waj-pëj,,vi,burn-PLUR,,,
senkase-finish-ptcp,yab,s-ënka-se,,n,finish-PTCP; finish-SUP,,,
yeke-tooth-prop,yab,ye-ke,,adv,tooth-PROP,,,
pojtepo-want-des,yab,pojtë-po,,vt,want-DES,,,
warotase-work-ptcp,yab,warota-se,,n,work-PTCP; work-SUP,,,
warotari-work-acnnmlz,yab,warota-ri,,n,work-ACNNMLZ,,,
iri-put-acnnmlz,yab,i-ri,,n,put-ACNNMLZ,,,
naijtopo-do-circ-nmlz,yab,naij-topo,,n,do-CIRC.NMLZ,,,
warotane-work-inf,yab,warota-në,,n,work-INF,,,
senkapeti-finish-plur,yab,s-ënka-pëti,,vi,finish-PLUR,,,
sempinukuri-close-eyes-acnnmlz,yab,sëmpinuku-ri,,n,close_eyes-ACNNMLZ,,,
senkapej-finish-plur,yab,s-ënka-pëj,,vi,finish-PLUR,,,
wajsape-burn-abs-nmlz,yab,waj-sapë,,n,burn-ABS.NMLZ,,,
ijmojkase-cook-ptcp,yab,ijmojka-se,,n,cook-PTCP; cook-SUP,,,
ijmojkari-cook-acnnmlz,yab,ijmojka-ri,,n,cook-ACNNMLZ,,,
minteno-there-loc-nmlz,yab,mïntë-no,,n,there.LOC-NMLZ,,,
tuni-give-agtnmlz,yab,tu-ni,,n,give-AGTNMLZ,,,
wejkapeti-fall-plur,yab,wëjka-pëti,,vi,fall-PLUR,,,
yapejpo-grab-des,yab,yapëj-po,,vt,grab-DES,,,
karasakemi-white-nmlz,yab,karasake-mï,,n,white-NMLZ,,,
asakeno-two-nmlz,yab,asakë-no,,n,two-NMLZ,,,
ipo-put-des,yab,i-po,,vt,put-DES,,,
semase-die-ptcp,yab,sëma-se,,adv,die-PTCP; die-SUP,,,
tepej-go-plur,yab,të-pëj,,vi,go-PLUR,,,
wepiri-come-acnnmlz,yab,wepï-ri,,n,come-ACNNMLZ,,,
winikiri-sleep-acnnmlz,yab,wïnïkï-ri,,n,sleep-ACNNMLZ,,,
sejpejse-dream-ptcp,yab,sejpëj-se,,adv,dream-PTCP; dream-SUP,,,
sejpetiri-dream-acnnmlz,yab,sejpëti-ri,,n,dream-ACNNMLZ,,,
sojpase-take-out-ptcp,yab,sojpa-se,,n,take_out-PTCP; take_out-SUP,,,
sematopo-die-circ-nmlz,yab,sëma-topo,,n,die-CIRC.NMLZ,,,
wejkase-fall-ptcp,yab,wëjka-se,,adv,fall-PTCP; fall-SUP,,,
empampo-learn-des,yab,ëmpam-po,,vi,learn-DES,,,
intojpe-see-purp,yab,in-tojpe,,adv,see-PURP,,,
winijpo-sleep-des,yab,wïnïj-po,,vi,sleep-DES,,,
kuneri-cook-acnnmlz,yab,kunë-ri,,n,cook-ACNNMLZ,,,
yojtopo-eat-starch-circ-nmlz,yab,yoj-topo,,n,eat(starch)-CIRC.NMLZ,,,
sukasemi-all-nmlz,yab,sukase-mï,,n,all-NMLZ,,,
nankajpe-find-pst-acnnmlz,yab,nanka-jpë,,n,find-PST.ACNNMLZ,,,
yeniri-drink-acnnmlz-1,yab,yeni-ri,,n,drink-ACNNMLZ,,,
intane-see-cncs,yab,in-tane,,adv,see-CNCS,,,
wejtetoj-go-down-circ-nmlz,yab,wëjtë-toj,,n,go_down-CIRC.NMLZ,,,
senkatoj-finish-circ-nmlz,yab,s-ënka-toj,,n,finish-CIRC.NMLZ,,,
patakase-take-out-ptcp,yab,pataka-se,,adv,take_out-PTCP; take_out-SUP,,,
keyetase-grow-ptcp,yab,këyeta-se,,adv,grow-PTCP; grow-SUP,,,
chijtoj-cop-circ-nmlz,yab,chij-toj,,n,COP-CIRC.NMLZ,,,
nemepeti-leave-plur,yab,nëmë-pëti,,vt,leave-PLUR,,,
yujwapeti-burn-plur,yab,yujwa-pëti,,vt,burn-PLUR,,,
keyatapej-grow-plur,yab,këyata-pëj,,vi,grow-PLUR,,,
papapijke-father-dim,yab,papa-pïjkë,,n,father-DIM,,,
tesape-go-abs-nmlz,yab,të-sapë,,n,go-ABS.NMLZ,,,
yawankatoj-kill-circ-nmlz,yab,yawanka-toj,,n,kill-CIRC.NMLZ,,,
yamanpej-make-plur,yab,yaman-pëj,,vt,make-PLUR,,,
poyeno-above-nmlz,yab,poye-no,,n,above-NMLZ,,,
yenepepej-send-away-plur,yab,yenepe-pëj,,vt,send_away-PLUR,,,
wejpej-come-plur,yab,wej-pëj,,vi,come-PLUR,,,
tampasape-become-angry-abs-nmlz,yab,tampa-sapë,,n,become_angry-ABS.NMLZ,,,
winijtane-sleep-cncs,yab,wïnïj-tane,,adv,sleep-CNCS,,,
yawankapej-kill-plur,yab,yawanka-pëj,,vt,kill-PLUR,,,
yaketepej-cut-plur,yab,yakëtë-pëj,,vt,cut-PLUR,,,
inchaj-see-abs-nmlz,yab,in-chaj,,n,see-ABS.NMLZ,,,
yawono-loc-nmlz,yab,yawo-no,,n,LOC-NMLZ,,,
yemese-eat-fruits-eggs-soup-ptcp,yab,yeme-se,,adv,"eat(fruits,_eggs,_soup)-PTCP; eat(fruits,_eggs,_soup)-SUP",,,
yemepo-eat-fruits-eggs-soup-des,yab,yeme-po,,vt,"eat(fruits,_eggs,_soup)-DES",,,
nopan-good-nmlz,yab,nop-an,,n,good-NMLZ,,,
wetopo-kill-circ-nmlz,yab,wë-topo,,n,kill-CIRC.NMLZ,,,
tapiremi-red-nmlz,yab,tapire-mï,,n,red-NMLZ,,,
winijsape-sleep-abs-nmlz,yab,wïnïj-sapë,,n,sleep-ABS.NMLZ,,,
apatakari-come-out-acnnmlz,yab,a-pataka-ri,,n,come_out-ACNNMLZ,,,
waraijtoke-husband-prop,yab,waraijto-ke,,n,husband-PROP,,,
patakapeti-take-out-plur,yab,pataka-pëti,,vt,take_out-PLUR,,,
esemapo-die-des,yab,ësëma-po,,vi,die-DES,,,
semapo-die-des,yab,sëma-po,,vi,die-DES,,,
nejtane-bring-cncs,yab,nej-tane,,adv,bring-CNCS,,,
yanri-pick-up-acnnmlz,yab,yan-ri,,n,pick_up-ACNNMLZ,,,
winijse-sleep-ptcp,yab,wïnïj-se,,adv,sleep-PTCP; sleep-SUP,,,
wurijyampijke-woman-dim,yab,wurijyam-pïjkë,,n,woman-DIM,,,
naijpeti-do-plur,yab,naij-pëti,,vt,do-PLUR,,,
ejwenakajpe-vomit-pst-acnnmlz,yab,ëj-wenaka-jpë,,n,vomit-PST.ACNNMLZ,,,
inpeti-see-plur,yab,in-pëti,,vt,see-PLUR,,,
tipapej-go-in-group-plur,yab,tipa-pëj,,vi,go_in_group-PLUR,,,
mukuke-child-prop,yab,muku-ke,,n,child-PROP,,,
karasakem-white-nmlz,yab,karasake-m,,n,white-NMLZ,,,
yenepo-eat-meat-des,yab,yënë-po,,vt,eat(meat)-DES,,,
rokari-wash-acnnmlz,yab,roka-ri,,n,wash-ACNNMLZ,,,
weretapej-arrive-plur,yab,wereta-pëj,,vi,arrive-PLUR,,,
weretari-arrive-acnnmlz,yab,wereta-ri,,n,arrive-ACNNMLZ,,,
winijpej-sleep-plur,yab,wïnïj-pëj,,vi,sleep-PLUR,,,
yantoj-pick-up-circ-nmlz,yab,yan-toj,,n,pick_up-CIRC.NMLZ,,,
yamantane-make-cncs,yab,yaman-tane,,adv,make-CNCS,,,
kamwiyajkase-change-ptcp,yab,kamwiyajka-se,,adv,change-PTCP; change-SUP,,,
tase-say-ptcp,yab,ta-se,,adv,say-PTCP; say-SUP,,,
atike-plot-of-cultivated-land-prop,yab,ati-ke,,adv,plot_of_cultivated_land-PROP,,,
wejteri-go-down-acnnmlz,yab,wëjtë-ri,,n,go_down-ACNNMLZ,,,
enujtane-go-up-cncs,yab,ënuj-tane,,adv,go_up-CNCS,,,
enukuri-go-up-acnnmlz,yab,ënuku-ri,,n,go_up-ACNNMLZ,,,
esemapej-die-plur,yab,ësëma-pëj,,vi,die-PLUR,,,
ejpenakapeti-return-plur,yab,ëjpënaka-pëti,,vi,return-PLUR,,,
waimutane-speak-cncs,yab,waimu-tane,,adv,speak-CNCS,,,
tetane-go-cncs,yab,të-tane,,adv,go-CNCS,,,
ejnemese-remain-ptcp,yab,ëj-nëmë-se,,adv,remain-PTCP; remain-SUP,,,
yampo-pick-up-des,yab,yam-po,,vt,pick_up-DES,,,
itatane-hear-cncs,yab,ita-tane,,adv,hear-CNCS,,,
wetane-kill-cncs,yab,wë-tane,,adv,kill-CNCS,,,
wejkari-fall-acnnmlz,yab,wëjka-ri,,n,fall-ACNNMLZ,,,
kamwiyajkapo-change-des,yab,kamwiyajka-po,,vt,change-DES,,,
yanepijke-mother-dim,yab,yanë-pïjkë,,n,mother-DIM,,,
tupo-give-des,yab,tu-po,,vt,give-DES,,,
asamori-cry-acnnmlz,yab,asamo-ri,,n,cry-ACNNMLZ,,,
teijpono-far-nmlz-1,yab,tëijpo-no,,n,far-NMLZ; long-NMLZ,,,
tarori-say-acnnmlz,yab,taro-ri,,n,say-ACNNMLZ,,,
tojpapej-hit-plur,yab,tojpa-pëj,,vt,hit-PLUR,,,
yansape-pick-up-abs-nmlz,yab,yan-sapë,,n,pick_up-ABS.NMLZ,,,
yakaramasape-tell-abs-nmlz,yab,yakarama-sapë,,n,tell-ABS.NMLZ,,,
pojteni-want-agtnmlz,yab,pojtë-ni,,n,want-AGTNMLZ,,,
yawankase-kill-ptcp,yab,yawanka-se,,adv,kill-PTCP; kill-SUP,,,
warotapo-work-des,yab,warota-po,,vi,work-DES,,,
mujnajtese-bury-ptcp,yab,mujnajtë-se,,adv,bury-PTCP; bury-SUP,,,
wejpeti-come-plur,yab,wej-pëti,,vi,come-PLUR,,,
senkane-finish-inf,yab,s-ënka-në,,n,finish-INF,,,
wejkatopo-fall-circ-nmlz,yab,wëjka-topo,,n,fall-CIRC.NMLZ,,,
waimune-speak-inf,yab,waimu-në,,n,speak-INF,,,
semone-cry-inf,yab,sëmo-në,,n,cry-INF,,,
ipej-put-plur,yab,i-pëj,,vt,put-PLUR,,,
tapari-beat-acnnmlz,yab,tapa-ri,,n,beat-ACNNMLZ,,,
itapej-hear-plur,yab,ita-pëj,,vt,hear-PLUR,,,
ise-put-ptcp,yab,i-se,,n,put-PTCP; put-SUP,,,
itajpe-hear-pst-acnnmlz,yab,ita-jpë,,n,hear-PST.ACNNMLZ,,,
yarepej-bring-plur,yab,yarë-pëj,,vt,bring-PLUR,,,
wenkejne-forget-inf,yab,wënkej-në,,n,forget-INF,,,
yapejpeti-grab-plur,yab,yapëj-pëti,,vt,grab-PLUR,,,
semopej-cry-plur,yab,sëmo-pëj,,vi,cry-PLUR,,,
tetopo-go-circ-nmlz,yab,të-topo,,n,go-CIRC.NMLZ,,,
kaimotatopo-hunt-circ-nmlz,yab,kaimota-topo,,n,hunt-CIRC.NMLZ,,,
yewukuri-answer-acnnmlz,yab,yëwuku-ri,,n,answer-ACNNMLZ,,,
epese-escape-ptcp,yab,epe-se,,adv,escape-PTCP; escape-SUP; hide_and_seek-PTCP; hide_and_seek-SUP,,,
enirom-now-nmlz,yab,eniro-m,,n,now-NMLZ; today-NMLZ,,,
semekiri-defend-acnnmlz,yab,semekï-ri,,n,defend-ACNNMLZ,,,
sempinujsape-close-eyes-abs-nmlz,yab,sëmpinuj-sapë,,n,close_eyes-ABS.NMLZ,,,
sempinujtopo-close-eyes-circ-nmlz,yab,sëmpinuj-topo,,n,close_eyes-CIRC.NMLZ,,,
wintikari-disappear-acnnmlz,yab,wintika-ri,,n,disappear-ACNNMLZ,,,
yamaneri-make-acnnmlz,yab,yamanë-ri,,n,make-ACNNMLZ,,,
yojmatopo-mix-circ-nmlz,yab,yojma-topo,,n,mix-CIRC.NMLZ,,,
kerepijke-old-dim,yab,kërë-pïjkë,,n,old-DIM,,,
yateno-loc-nmlz,yab,yatë-no,,n,LOC-NMLZ,,,
yemetopo-eat-fruits-eggs-soup-circ-nmlz,yab,yeme-topo,,n,"eat(fruits,_eggs,_soup)-CIRC.NMLZ",,,
yamanetane-make-cncs,yab,yamanë-tane,,adv,make-CNCS,,,
yempekapo-offend-des,yab,yëmpëka-po,,vt,offend-DES,,,
empamiri-learn-acnnmlz,yab,ëmpamï-ri,,n,learn-ACNNMLZ,,,
wenkejsape-forget-abs-nmlz,yab,wënkej-sapë,,n,forget-ABS.NMLZ,,,
wintikapej-disappear-plur,yab,wintika-pëj,,vi,disappear-PLUR,,,
waimurunpej-speak-plur,yab,waimurun-pëj,,vi,speak-PLUR,,,
waimupo-speak-des,yab,waimu-po,,vi,speak-DES,,,
yareni-bring-agtnmlz,yab,yarë-ni,,n,bring-AGTNMLZ,,,
sopikase-skin-ptcp,yab,sopika-se,,n,skin-PTCP; skin-SUP,,,
wontoj-enter-circ-nmlz,yab,won-toj,,n,enter-CIRC.NMLZ,,,
yareri-bring-acnnmlz,yab,yarë-ri,,n,bring-ACNNMLZ,,,
yojri-eat-starch-acnnmlz,yab,yoj-ri,,n,eat(starch)-ACNNMLZ,,,
ajpachike-undergrowth-prop,yab,ajpachi-ke,,adv,undergrowth-PROP,,,
nejpeti-bring-plur,yab,nej-pëti,,vt,bring-PLUR,,,
