ID,Stem_ID,Morph_ID,Index,Gloss_ID
achi-wilderness,achi-wilderness,achi-wilderness,0,wilderness
aijkorono-recovered,aijkorono-recovered,aijkorono-recovered,0,recovered
ajpachi-undergrowth,ajpachi-undergrowth,ajpachi-undergrowth,0,undergrowth
aki-worm,aki-worm,aki-worm,0,worm
amu-ripeness,amu-ripeness,amu-ripeness,0,ripeness
ami-unidentified-plant,ami-unidentified-plant,ami-unidentified-plant,0,unidentified-plant
ana-1-3pro,ana-1-3pro,ana-1-3pro,0,1-3pro
anoto-annatto,anoto-annatto,anoto-annatto,0,annatto
anta-island,anta-island,anta-island,0,island
ante-fish-hook,ante-fish-hook,ante-fish-hook,0,fish-hook
api-ripeness,api-ripeness,api-ripeness,0,ripeness
apo-later,apo-later,apo-later,0,later
apuni-soap,apuni-soap,apuni-soap,0,soap
arajmate-dangerous,arajmate-dangerous,arajmate-dangerous,0,dangerous
arina-trembler,arina-trembler,arina-trembler,0,trembler
aro-rice,aro-rice,aro-rice,0,rice
aroma-limpet,aroma-limpet,aroma-limpet,0,limpet
aropoko-ball-game,aropoko-ball-game,aropoko-ball-game,0,ball-game
asakontompene-four,asakontompene-four,asakontompene-four,0,four
asake-two,asake-two,asake-two,0,two
asere-dry-cough,asere-dry-cough,asere-dry-cough,0,dry-cough
asuka-sugar,asuka-sugar,asuka-sugar,0,sugar
ati-plot-of-cultivated-land,ati-plot-of-cultivated-land,ati-plot-of-cultivated-land,0,plot-of-cultivated-land
ati-plot-of-cultivated-land-1,ati-plot-of-cultivated-land-1,ati-plot-of-cultivated-land-1,0,plot-of-cultivated-land
awochi-tumor,awochi-tumor,awochi-tumor,0,tumor
chijchipu-body-movement,chijchipu-body-movement,chijchipu-body-movement,0,body-movement
chika-bite,chika-bite,chika-bite,0,bite
chike-chigger,chike-chigger,chike-chigger,0,chigger
chima-path,chima-path,chima-path,0,path
chimichimi-worm-dog,chimichimi-worm-dog,chimichimi-worm-dog,0,worm-dog
chipiyu-fungus-sp,chipiyu-fungus-sp,chipiyu-fungus-sp,0,"fungus,sp"
chiramu-mange,chiramu-mange,chiramu-mange,0,mange
chirike-star,chirike-star,chirike-star,0,star
chiri-titi-monkey,chiri-titi-monkey,chiri-titi-monkey,0,titi-monkey
chiri-wild-pineapple,chiri-wild-pineapple,chiri-wild-pineapple,0,wild-pineapple
chiyakono-friend,chiyakono-friend,chiyakono-friend,0,friend
chiyakon-friend,chiyakon-friend,chiyakon-friend,0,friend
chiyakom-friend,chiyakom-friend,chiyakom-friend,0,friend
chekey-nit,chekey-nit,chekey-nit,0,nit
ejne-1-2pro,ejne-1-2pro,ejne-1-2pro,0,1-2pro
enijpete-one,enijpete-one,enijpete-one,0,one
enire-now,enire-now,enire-now,0,now
eniro-now,eniro-now,eniro-now,0,now
entono-from-here,entono-from-here,entono-from-here,0,from-here
ente-here-loc,ente-here-loc,ente-here-loc,0,"here,loc"
epe-escape,epe-escape,epe-escape,0,escape
eretapi-cultivated-plant,eretapi-cultivated-plant,eretapi-cultivated-plant,0,cultivated-plant
ewine-here-all,ewine-here-all,ewine-here-all,0,"here,all"
ijmoy-egg,ijmoy-egg,ijmoy-egg,0,egg
ijpu-summit,ijpu-summit,ijpu-summit,0,summit
inawe-have,inawe-have,inawe-have,0,have
ini-see,ini-see,ini-see,0,see
in-see,in-see,in-see,0,see
ene-see,ene-see,ene-see,0,see
intipijke-small,intipijke-small,intipijke-small,0,small
iriyawe-then,iriyawe-then,iriyawe-then,0,then
irejpe-then,irejpe-then,irejpe-then,0,then
ita-hear,ita-hear,ita-hear,0,hear
iyajtepe-before,iyajtepe-before,iyajtepe-before,0,before
iyajte-care-for,iyajte-care-for,iyajte-care-for,0,care-for
jta-foot,jta-foot,jta-foot,0,foot
jwaka-ill-aq,jwaka-ill-aq,jwaka-ill-aq,0,"ill,aq"
kaimo-game,kaimo-game,kaimo-game,0,game
kamere-lightning,kamere-lightning,kamere-lightning,0,lightning
kampara-big,kampara-big,kampara-big,0,big
kampra-big,kampra-big,kampra-big,0,big
kamwiyajka-change,kamwiyajka-change,kamwiyajka-change,0,change
kapau-dasypus-novemcinctus,kapau-dasypus-novemcinctus,kapau-dasypus-novemcinctus,0,dasypus-novemcinctus
karasake-white,karasake-white,karasake-white,0,white
ka-take-out,ka-take-out,ka-take-out,0,take-out
kasajpe-fruit-pit,kasajpe-fruit-pit,kasajpe-fruit-pit,0,fruit-pit
kaso-fat,kaso-fat,kaso-fat,0,fat
kawono-high,kawono-high,kawono-high,0,high
kawon-high,kawon-high,kawon-high,0,high
kawe-high,kawe-high,kawe-high,0,high
kayami-louse,kayami-louse,kayami-louse,0,louse
kaya-barbasco,kaya-barbasco,kaya-barbasco,0,barbasco
kaya-gourd,kaya-gourd,kaya-gourd,0,gourd
kejkepe-salamander,kejkepe-salamander,kejkepe-salamander,0,salamander
kinta-become-tired,kinta-become-tired,kinta-become-tired,0,become-tired
kocha-tail,kocha-tail,kocha-tail,0,tail
kojpa-night,kojpa-night,kojpa-night,0,night
konopo-rain,konopo-rain,konopo-rain,0,rain
ko-brassolis-sophorae,ko-brassolis-sophorae,ko-brassolis-sophorae,0,brassolis-sophorae
kori-brassolis-sophorae,kori-brassolis-sophorae,kori-brassolis-sophorae,0,brassolis-sophorae
korokoro-c,korokoro-c,korokoro-c,0,c
kuku-answer,kuku-answer,kuku-answer,0,answer
kune-cook,kune-cook,kune-cook,0,cook
kuno-cook,kuno-cook,kuno-cook,0,cook
kuru-prochilodus-mariae,kuru-prochilodus-mariae,kuru-prochilodus-mariae,0,prochilodus-mariae
kuruwa-coroba-palm,kuruwa-coroba-palm,kuruwa-coroba-palm,0,coroba-palm
kuya-tree-sp,kuya-tree-sp,kuya-tree-sp,0,"tree,sp"
kuyuwi-bird-sp,kuyuwi-bird-sp,kuyuwi-bird-sp,0,"bird,sp"
kejma-hunt,kejma-hunt,kejma-hunt,0,hunt
kemu-pus,kemu-pus,kemu-pus,0,pus
keta-stink,keta-stink,keta-stink,0,stink
ketejwate-cotton,ketejwate-cotton,ketejwate-cotton,0,cotton
keya-think,keya-think,keya-think,0,think
kimiy-chili,kimiy-chili,kimiy-chili,0,chili
kimii-chili,kimii-chili,kimii-chili,0,chili
kiripi-go-out,kiripi-go-out,kiripi-go-out,0,go-out
majawa-m,majawa-m,majawa-m,0,m
majpe-m,majpe-m,majpe-m,0,m
maka-ceiba-pentandra,maka-ceiba-pentandra,maka-ceiba-pentandra,0,ceiba-pentandra
makarike-cayman,makarike-cayman,makarike-cayman,0,cayman
makuyupi-catfish-sp,makuyupi-catfish-sp,makuyupi-catfish-sp,0,"catfish,sp"
make-mom,make-mom,make-mom,0,mom
mapara-chicken,mapara-chicken,mapara-chicken,0,chicken
mare-still,mare-still,mare-still,0,still
mare-still-1,mare-still-1,mare-still-1,0,still
mati-breast,mati-breast,mati-breast,0,breast
mayawaka-m,mayawaka-m,mayawaka-m,0,m
mejya-cover,mejya-cover,mejya-cover,0,cover
miti-root,miti-root,miti-root,0,root
mone-vagina,mone-vagina,mone-vagina,0,vagina
moneka-girl-voc,moneka-girl-voc,moneka-girl-voc,0,"girl,voc"
monkontomo-2pl-pro,monkontomo-2pl-pro,monkontomo-2pl-pro,0,"2pl,pro"
mokontomo-2pl-pro,mokontomo-2pl-pro,mokontomo-2pl-pro,0,"2pl,pro"
mekontomo-2pl-pro,mekontomo-2pl-pro,mekontomo-2pl-pro,0,"2pl,pro"
montomo-2pl-pro,montomo-2pl-pro,montomo-2pl-pro,0,"2pl,pro"
mokontom-2pl-pro,mokontom-2pl-pro,mokontom-2pl-pro,0,"2pl,pro"
mokonton-2pl-pro,mokonton-2pl-pro,mokonton-2pl-pro,0,"2pl,pro"
moroko-fish,moroko-fish,moroko-fish,0,fish
morone-hurting,morone-hurting,morone-hurting,0,hurting
moroni-pain,moroni-pain,moroni-pain,0,pain
moron-pain,moron-pain,moron-pain,0,pain
morono-poison,morono-poison,morono-poison,0,poison
moto-worm,moto-worm,moto-worm,0,worm
moyochi-spider-sp,moyochi-spider-sp,moyochi-spider-sp,0,spider-sp
mujna-grave,mujna-grave,mujna-grave,0,grave
mujyane-pregnancy,mujyane-pregnancy,mujyane-pregnancy,0,pregnancy
mujyam-pregnancy,mujyam-pregnancy,mujyam-pregnancy,0,pregnancy
muku-child,muku-child,muku-child,0,child
mune-bulbous,mune-bulbous,mune-bulbous,0,bulbous
munta-budding,munta-budding,munta-budding,0,budding
mejki-dist-anim,mejki-dist-anim,mejki-dist-anim,0,"dist,anim"
mere-2pro,mere-2pro,mere-2pro,0,2pro
mijna-there-all,mijna-there-all,mijna-there-all,0,"there,all"
minte-there-loc,minte-there-loc,minte-there-loc,0,"there,loc"
mira-priodontes-maximus,mira-priodontes-maximus,mira-priodontes-maximus,0,priodontes-maximus
nai-do,nai-do,nai-do,0,do
najmo-grandmother,najmo-grandmother,najmo-grandmother,0,grandmother
najpi-grandfather,najpi-grandfather,najpi-grandfather,0,grandfather
najwata-harbor,najwata-harbor,najwata-harbor,0,harbor
naki-thirst,naki-thirst,naki-thirst,0,thirst
nata-door,nata-door,nata-door,0,door
nepi-bring,nepi-bring,nepi-bring,0,bring
nej-bring,nej-bring,nej-bring,0,bring
nono-earth,nono-earth,nono-earth,0,earth
nope-good,nope-good,nope-good,0,good
nop-good,nop-good,nop-good,0,good
noro-parrot-sp,noro-parrot-sp,noro-parrot-sp,0,"parrot,sp"
noti-potential-partner,noti-potential-partner,noti-potential-partner,0,potential-partner
nta-mouth,nta-mouth,nta-mouth,0,mouth
nune-moon,nune-moon,nune-moon,0,moon
nu-tongue,nu-tongue,nu-tongue,0,tongue
nwajte-dance,nwajte-dance,nwajte-dance,0,dance
wajte-dance,wajte-dance,wajte-dance,0,dance
neme-leave,neme-leave,neme-leave,0,leave
ochi-o,ochi-o,ochi-o,0,o
ojpa-give-drink,ojpa-give-drink,ojpa-give-drink,0,give-drink
onono-another,onono-another,onono-another,0,another
orojyamo-evil-being,orojyamo-evil-being,orojyamo-evil-being,0,evil-being
pachi-older-sister-of-woman,pachi-older-sister-of-woman,pachi-older-sister-of-woman,0,older-sister-of-woman
paijku-p,paijku-p,paijku-p,0,p
paka-cow,paka-cow,paka-cow,0,cow
pakara-basket,pakara-basket,pakara-basket,0,basket
pakura-coix-lacryma-jobi,pakura-coix-lacryma-jobi,pakura-coix-lacryma-jobi,0,coix-lacryma-jobi
paku-arrow-tip,paku-arrow-tip,paku-arrow-tip,0,arrow-tip
pana-ear,pana-ear,pana-ear,0,ear
pana-dat,pana-dat,pana-dat,0,dat
papa-father,papa-father,papa-father,0,father
parujpe-broth,parujpe-broth,parujpe-broth,0,broth
pata-village,pata-village,pata-village,0,village
pata-axe,pata-axe,pata-axe,0,axe
pate-cross,pate-cross,pate-cross,0,cross
penare-before,penare-before,penare-before,0,before
pene-piranha,pene-piranha,pene-piranha,0,piranha
pepoye-above-perl,pepoye-above-perl,pepoye-above-perl,0,"above,perl"
pe-palm-sp,pe-palm-sp,pe-palm-sp,0,"palm,sp"
peti-leg,peti-leg,peti-leg,0,leg
peye-turtle-sp,peye-turtle-sp,peye-turtle-sp,0,"turtle,sp"
picha-capuchin-monkey,picha-capuchin-monkey,picha-capuchin-monkey,0,capuchin-monkey
pichipichi-whitebait,pichipichi-whitebait,pichipichi-whitebait,0,whitebait
pijpe-skin,pijpe-skin,pijpe-skin,0,skin
pika-peel,pika-peel,pika-peel,0,peel
pike-fart,pike-fart,pike-fart,0,fart
pipi-younger-brother-of-woman,pipi-younger-brother-of-woman,pipi-younger-brother-of-woman,0,younger-brother-of-woman
pirini-walk,pirini-walk,pirini-walk,0,walk
pirini-walk-1,pirini-walk-1,pirini-walk-1,0,walk
pojte-want,pojte-want,pojte-want,0,want
poroko-basket-sp,poroko-basket-sp,poroko-basket-sp,0,"basket,sp"
poseti-belly,poseti-belly,poseti-belly,0,belly
pota-mouth,pota-mouth,pota-mouth,0,mouth
poye-above,poye-above,poye-above,0,above
punu-flesh,punu-flesh,punu-flesh,0,flesh
pun-flesh,pun-flesh,pun-flesh,0,flesh
putu-feel,putu-feel,putu-feel,0,feel
peke-about,peke-about,peke-about,0,about
poko-about,poko-about,poko-about,0,about
penaka-return,penaka-return,penaka-return,0,return
pimi-neck,pimi-neck,pimi-neck,0,neck
pirika-endure,pirika-endure,pirika-endure,0,endure
roka-wash,roka-wash,roka-wash,0,wash
roko-crazy,roko-crazy,roko-crazy,0,crazy
romoye-downriver,romoye-downriver,romoye-downriver,0,downriver
rotoro-doctor,rotoro-doctor,rotoro-doctor,0,doctor
rui-older-brother,rui-older-brother,rui-older-brother,0,older-brother
sai-penis,sai-penis,sai-penis,0,penis
sakara-hoplias-malabaricus,sakara-hoplias-malabaricus,sakara-hoplias-malabaricus,0,hoplias-malabaricus
sakau-sand,sakau-sand,sakau-sand,0,sand
saku-sweet-potato,saku-sweet-potato,saku-sweet-potato,0,sweet-potato
samo-cry,samo-cry,samo-cry,0,cry
semo-cry,semo-cry,semo-cry,0,cry
asamo-cry,asamo-cry,asamo-cry,0,cry
sampu-black-piranha,sampu-black-piranha,sampu-black-piranha,0,black-piranha
sapara-heavy-pot,sapara-heavy-pot,sapara-heavy-pot,0,heavy-pot
sare-here-all,sare-here-all,sare-here-all,0,"here,all"
sawo-rapids,sawo-rapids,sawo-rapids,0,rapids
sepami-get-married,sepami-get-married,sepami-get-married,0,get-married
sepan-get-married,sepan-get-married,sepan-get-married,0,get-married
sere-bitter-manioc,sere-bitter-manioc,sere-bitter-manioc,0,bitter-manioc
sojpa-take-out,sojpa-take-out,sojpa-take-out,0,take-out
sopika-skin,sopika-skin,sopika-skin,0,skin
sukase-all,sukase-all,sukase-all,0,all-1
sukutaka-yucuta,sukutaka-yucuta,sukutaka-yucuta,0,yucuta
surukupi-fish-sp,surukupi-fish-sp,surukupi-fish-sp,0,"fish,sp"
sema-die,sema-die,sema-die,0,die
esema-die,esema-die,esema-die,0,die
tajme-ugly,tajme-ugly,tajme-ugly,0,ugly
tajnomo-piaroa,tajnomo-piaroa,tajnomo-piaroa,0,piaroa
tajromini-bad-omen,tajromini-bad-omen,tajromini-bad-omen,0,bad-omen
tajromin-bad-omen,tajromin-bad-omen,tajromin-bad-omen,0,bad-omen
tajropo-have-fever,tajropo-have-fever,tajropo-have-fever,0,have-fever
takono-other,takono-other,takono-other,0,other
takon-other,takon-other,takon-other,0,other
takunu-laziness,takunu-laziness,takunu-laziness,0,laziness
tapa-beat,tapa-beat,tapa-beat,0,beat
tarine-fast,tarine-fast,tarine-fast,0,fast
taro-say,taro-say,taro-say,0,say
taj-say,taj-say,taj-say,0,say
ta-say,ta-say,ta-say,0,say
tawani-darkness,tawani-darkness,tawani-darkness,0,darkness
tawa-nyctidromus-albicollis,tawa-nyctidromus-albicollis,tawa-nyctidromus-albicollis,0,nyctidromus-albicollis
tejwetunu-sick,tejwetunu-sick,tejwetunu-sick,0,sick
tejetum-sick,tejetum-sick,tejetum-sick,0,sick
temeki-defend,temeki-defend,temeki-defend,0,defend
semeki-defend,semeki-defend,semeki-defend,0,defend
semej-defend,semej-defend,semej-defend,0,defend
tojpa-hit,tojpa-hit,tojpa-hit,0,hit
tonko-play,tonko-play,tonko-play,0,play
torono-bird,torono-bird,torono-bird,0,bird
torote-cemetery,torote-cemetery,torote-cemetery,0,cemetery
toto-non-indian,toto-non-indian,toto-non-indian,0,non-indian
tujnaka-iller,tujnaka-iller,tujnaka-iller,0,iller
tuna-water,tuna-water,tuna-water,0,water
tunami-hide,tunami-hide,tunami-hide,0,hide
tunam-hide,tunam-hide,tunam-hide,0,hide
tu-give,tu-give,tu-give,0,give
te-loc,te-loc,te-loc,0,loc
teijpo-far,teijpo-far,teijpo-far,0,far
teijpe-far,teijpe-far,teijpe-far,0,far
teijpo-far-1,teijpo-far-1,teijpo-far-1,0,far
tejta-hollow,tejta-hollow,tejta-hollow,0,hollow
tewi-3pro,tewi-3pro,tewi-3pro,0,3pro
tewisantomo-3pro-pl,tewisantomo-3pro-pl,tewisantomo-3pro-pl,0,"3pro,pl"
tewisanton-3pro-pl,tewisanton-3pro-pl,tewisanton-3pro-pl,0,"3pro,pl"
waijta-mouse,waijta-mouse,waijta-mouse,0,mouse
waijte-head,waijte-head,waijte-head,0,head
waimu-language,waimu-language,waimu-language,0,language
waimu-speak,waimu-speak,waimu-speak,0,speak
waimurun-speak,waimurun-speak,waimurun-speak,0,speak
wajto-fire,wajto-fire,wajto-fire,0,fire
wajyaki-happy,wajyaki-happy,wajyaki-happy,0,happy
wajyaki-be-happy,wajyaki-be-happy,wajyaki-be-happy,0,be-happy
wajyakiti-be-happy,wajyakiti-be-happy,wajyakiti-be-happy,0,be-happy
wajyama-kiss,wajyama-kiss,wajyama-kiss,0,kiss
wanapu-savannah,wanapu-savannah,wanapu-savannah,0,savannah
wanene-aunt,wanene-aunt,wanene-aunt,0,aunt
waraijtokomo-man,waraijtokomo-man,waraijtokomo-man,0,man
waraijtokom-man,waraijtokom-man,waraijtokom-man,0,man
waraijtokon-man,waraijtokon-man,waraijtokon-man,0,man
waraijto-husband,waraijto-husband,waraijto-husband,0,husband
warota-work,warota-work,warota-work,0,work
waruwa-hoti,waruwa-hoti,waruwa-hoti,0,hoti
waruwaru-hoti,waruwaru-hoti,waruwaru-hoti,0,hoti
wasayi-attalea-maripa,wasayi-attalea-maripa,wasayi-attalea-maripa,0,attalea-maripa
wasai-attalea-maripa,wasai-attalea-maripa,wasai-attalea-maripa,0,attalea-maripa
wati-burn,wati-burn,wati-burn,0,burn
waj-burn,waj-burn,waj-burn,0,burn
wawe-loc-aq,wawe-loc-aq,wawe-loc-aq,0,"loc,aq"
weka-defecate,weka-defecate,weka-defecate,0,defecate
wena-vomit,wena-vomit,wena-vomit,0,vomit
wenkepi-forget,wenkepi-forget,wenkepi-forget,0,forget
wenkepi-forget-1,wenkepi-forget-1,wenkepi-forget-1,0,forget
wenkej-forget,wenkej-forget,wenkej-forget,0,forget
wepi-come,wepi-come,wepi-come,0,come
wej-come,wej-come,wej-come,0,come
wereta-arrive,wereta-arrive,wereta-arrive,0,arrive
werewere-mosquito-sp,werewere-mosquito-sp,werewere-mosquito-sp,0,mosquito-sp
wereyi-cloud,wereyi-cloud,wereyi-cloud,0,cloud
werey-cloud,werey-cloud,werey-cloud,0,cloud
weroro-dog,weroro-dog,weroro-dog,0,dog
weseyu-be-brave,weseyu-be-brave,weseyu-be-brave,0,be-brave
wesei-be-brave,wesei-be-brave,wesei-be-brave,0,be-brave
wiriyamo-woman,wiriyamo-woman,wiriyamo-woman,0,woman
wurijyam-woman,wurijyam-woman,wurijyam-woman,0,woman
wurijyamo-woman,wurijyamo-woman,wurijyamo-woman,0,woman
wurijyan-woman,wurijyan-woman,wurijyan-woman,0,woman
wejka-fall,wejka-fall,wejka-fall,0,fall
wejte-go-down,wejte-go-down,wejte-go-down,0,go-down
we-kill,we-kill,we-kill,0,kill
winiki-sleep,winiki-sleep,winiki-sleep,0,sleep
winik-sleep,winik-sleep,winik-sleep,0,sleep
winij-sleep,winij-sleep,winij-sleep,0,sleep
wire-1pro,wire-1pro,wire-1pro,0,1pro
ya-ra-grandchild,ya-ra-grandchild,ya-ra-grandchild,0,grandchild
yajno-brother-in-law-man,yajno-brother-in-law-man,yajno-brother-in-law-man,0,brother-in-law-man
yaka-all,yaka-all,yaka-all,0,all
yaka-dig-out,yaka-dig-out,yaka-dig-out,0,dig-out
yamane-make,yamane-make,yamane-make,0,make
yaman-make,yaman-make,yaman-make,0,make
yamani-make,yamani-make,yamani-make,0,make
yami-pick-up,yami-pick-up,yami-pick-up,0,pick-up
yan-pick-up,yan-pick-up,yan-pick-up,0,pick-up
yam-pick-up,yam-pick-up,yam-pick-up,0,pick-up
yane-mother,yane-mother,yane-mother,0,mother
sane-mother,sane-mother,sane-mother,0,mother
yaniki-call,yaniki-call,yaniki-call,0,call
yanij-call,yanij-call,yanij-call,0,call
yapijtomo-old,yapijtomo-old,yapijtomo-old,0,old
yapijton-old,yapijton-old,yapijton-old,0,old
yapechi-grab,yapechi-grab,yapechi-grab,0,grab
yapej-grab,yapej-grab,yapej-grab,0,grab
yapichi-grab,yapichi-grab,yapichi-grab,0,grab
yarika-laugh,yarika-laugh,yarika-laugh,0,laugh
yaruwa-laugh,yaruwa-laugh,yaruwa-laugh,0,laugh
yare-bring,yare-bring,yare-bring,0,bring
yatane-adolescent,yatane-adolescent,yatane-adolescent,0,adolescent
yatam-adolescent,yatam-adolescent,yatam-adolescent,0,adolescent
yatan-adolescent,yatan-adolescent,yatan-adolescent,0,adolescent
yatunu-day,yatunu-day,yatunu-day,0,day
yatum-day,yatum-day,yatum-day,0,day
yatun-day,yatun-day,yatun-day,0,day
yate-loc,yate-loc,yate-loc,0,loc
yawaka-sow,yawaka-sow,yawaka-sow,0,sow
yawaki-grate,yawaki-grate,yawaki-grate,0,grate
yawanka-kill,yawanka-kill,yawanka-kill,0,kill
yaye-loc,yaye-loc,yaye-loc,0,loc
yemekunu-five,yemekunu-five,yemekunu-five,0,five
yeme-eat-fruits-eggs-soup,yeme-eat-fruits-eggs-soup,yeme-eat-fruits-eggs-soup,0,eat-fruits-eggs-soup
yenepe-send-away,yenepe-send-away,yenepe-send-away,0,send-away
yepema-pay,yepema-pay,yepema-pay,0,pay
yojma-mix,yojma-mix,yojma-mix,0,mix
yojte-fish-with-hook,yojte-fish-with-hook,yojte-fish-with-hook,0,fish-with-hook
yoko-pimple,yoko-pimple,yoko-pimple,0,pimple
yoki-eat-starch,yoki-eat-starch,yoki-eat-starch,0,eat-starch
yoj-eat-starch,yoj-eat-starch,yoj-eat-starch,0,eat-starch
yopo-find,yopo-find,yopo-find,0,find
yujwa-burn,yujwa-burn,yujwa-burn,0,burn
yumpe-fairly,yumpe-fairly,yumpe-fairly,0,fairly
yutu-forest,yutu-forest,yutu-forest,0,forest
ye-tooth,ye-tooth,ye-tooth,0,tooth
ye-tooth-1,ye-tooth-1,ye-tooth-1,0,tooth
yejpe-bone,yejpe-bone,yejpe-bone,0,bone
yempeka-offend,yempeka-offend,yempeka-offend,0,offend
yeni-drink,yeni-drink,yeni-drink,0,drink
yeni-drink-1,yeni-drink-1,yeni-drink-1,0,drink
yen-drink,yen-drink,yen-drink,0,drink
yeni-drink-2,yeni-drink-2,yeni-drink-2,0,drink
yene-eat-meat,yene-eat-meat,yene-eat-meat,0,eat-meat
yewuku-answer,yewuku-answer,yewuku-answer,0,answer
yeye-tree,yeye-tree,yeye-tree,0,tree
yipi-mountain,yipi-mountain,yipi-mountain,0,mountain
ejpina-often,ejpina-often,ejpina-often,0,often
ekere-jaguar,ekere-jaguar,ekere-jaguar,0,jaguar
empare-already,empare-already,empare-already,0,already
enuku-go-up,enuku-go-up,enuku-go-up,0,go-up
enuj-go-up,enuj-go-up,enuj-go-up,0,go-up
erine-cooking-pot,erine-cooking-pot,erine-cooking-pot,0,cooking-pot
etipa-go-in-group,etipa-go-in-group,etipa-go-in-group,0,go-in-group
tipa-go-in-group,tipa-go-in-group,tipa-go-in-group,0,go-in-group
ya-erg,ya-erg,ya-erg,0,erg
ya-obl,ya-obl,ya-obl,0,obl
yawe-loc,yawe-loc,yawe-loc,0,loc
yawo-loc,yawo-loc,yawo-loc,0,loc
chawe-loc,chawe-loc,chawe-loc,0,loc
tawara-too,tawara-too,tawara-too,0,too
tawaraij-too,tawaraij-too,tawaraij-too,0,too
chi-cop,chi-cop,chi-cop,0,cop
ch-cop,ch-cop,ch-cop,0,cop
chij-cop,chij-cop,chij-cop,0,cop
wej-cop,wej-cop,wej-cop,0,cop
waraij-like,waraij-like,waraij-like,0,like
warai-like,warai-like,warai-like,0,like
te-go,te-go,te-go,0,go
ke-ins,ke-ins,ke-ins,0,ins
ewenke-ignorant,ewenke-ignorant,ewenke-ignorant,0,ignorant
suku-urine,suku-urine,suku-urine,0,urine
suj-urine,suj-urine,suj-urine,0,urine
mesuku-blood,mesuku-blood,mesuku-blood,0,blood
mesuj-blood,mesuj-blood,mesuj-blood,0,blood
enka-finish,enka-finish,enka-finish,0,finish
enejka-watch,enejka-watch,enejka-watch,0,watch
wajto-fire-1,wajto-fire-1,wajto-fire-1,0,fire
naij-do,naij-do,naij-do,0,do
tawejka-dawn,tawejka-dawn,tawejka-dawn,0,dawn
aniki-who,aniki-who,aniki-who,0,who
aniki-who-1,aniki-who-1,aniki-who-1,0,who
ka-say,ka-say,ka-say,0,say
kaj-say,kaj-say,kaj-say,0,say
iwiti-house,iwiti-house,iwiti-house,0,house
iwij-house,iwij-house,iwij-house,0,house
ej-house,ej-house,ej-house,0,house
tawaja-thus-neg,tawaja-thus-neg,tawaja-thus-neg,0,"thus,neg"
kanta-sing,kanta-sing,kanta-sing,0,sing
ekete-where,ekete-where,ekete-where,0,where
ekej-where,ekej-where,ekej-where,0,where
eki-chicha,eki-chicha,eki-chicha,0,chicha
oki-chicha,oki-chicha,oki-chicha,0,chicha
womi-enter,womi-enter,womi-enter,0,enter
won-enter,won-enter,won-enter,0,enter
i-put,i-put,i-put,0,put
peremeki-talk,peremeki-talk,peremeki-talk,0,talk
yekerema-boast-sexually,yekerema-boast-sexually,yekerema-boast-sexually,0,boast-sexually
sukuri-silently,sukuri-silently,sukuri-silently,0,silently
yare-alone,yare-alone,yare-alone,0,alone
wera-like,wera-like,wera-like,0,like
wara-like,wara-like,wara-like,0,like
wora-like,wora-like,wora-like,0,like
po-loc,po-loc,po-loc,0,loc
tewijna-there-ana,tewijna-there-ana,tewijna-there-ana,0,"there,ana"
ese-name,ese-name,ese-name,0,name
empami-learn,empami-learn,empami-learn,0,learn
empan-learn,empan-learn,empan-learn,0,learn
empam-learn,empam-learn,empam-learn,0,learn
yakucho-p-a,yakucho-p-a,yakucho-p-a,0,"p-1,a"
pedrito-p,pedrito-p,pedrito-p,0,p
akino-younger-brother,akino-younger-brother,akino-younger-brother,0,younger-brother
pajarito-p,pajarito-p,pajarito-p,0,p
yakara-believe,yakara-believe,yakara-believe,0,believe
tajnon-piaroa,tajnon-piaroa,tajnon-piaroa,0,piaroa
tamanaku-t,tamanaku-t,tamanaku-t,0,t
irario-h,irario-h,irario-h,0,h
pupuri-bactris-gasipaes,pupuri-bactris-gasipaes,pupuri-bactris-gasipaes,0,bactris-gasipaes
pipiri-bactris-gasipaes,pipiri-bactris-gasipaes,pipiri-bactris-gasipaes,0,bactris-gasipaes
pipiri-bactris-gasipaes-1,pipiri-bactris-gasipaes-1,pipiri-bactris-gasipaes-1,0,bactris-gasipaes
pijiguao-bactris-gasipaes,pijiguao-bactris-gasipaes,pijiguao-bactris-gasipaes,0,bactris-gasipaes
awo-uncle,awo-uncle,awo-uncle,0,uncle
ejwe-hammock,ejwe-hammock,ejwe-hammock,0,hammock
ejwa-hammock,ejwa-hammock,ejwa-hammock,0,hammock
yakete-cut,yakete-cut,yakete-cut,0,cut
enrike-e,enrike-e,enrike-e,0,e
kayupare-k,kayupare-k,kayupare-k,0,k
parangana-pot,parangana-pot,parangana-pot,0,pot
tampa-become-angry,tampa-become-angry,tampa-become-angry,0,become-angry
nanka-find,nanka-find,nanka-find,0,find
akono-younger-sister-of-woman,akono-younger-sister-of-woman,akono-younger-sister-of-woman,0,younger-sister-of-woman
kano-c,kano-c,kano-c,0,c
chiwapure-c,chiwapure-c,chiwapure-c,0,c
nwa-glute,nwa-glute,nwa-glute,0,glute
enu-eye,enu-eye,enu-eye,0,eye
ejne-below,ejne-below,ejne-below,0,below
neto-n,neto-n,neto-n,0,n
erepunu-sick,erepunu-sick,erepunu-sick,0,sick
erepun-sick,erepun-sick,erepun-sick,0,sick
antonio-a,antonio-a,antonio-a,0,a-1
sarampion-measles,sarampion-measles,sarampion-measles,0,measles
santo-s,santo-s,santo-s,0,s
melicio-m,melicio-m,melicio-m,0,m
joti-hoti,joti-hoti,joti-hoti,0,hoti
akere-relative,akere-relative,akere-relative,0,relative
akere-relative-1,akere-relative-1,akere-relative-1,0,relative
kawaratu-k,kawaratu-k,kawaratu-k,0,k
u-starchy-food,u-starchy-food,u-starchy-food,0,starchy-food
wintika-disappear,wintika-disappear,wintika-disappear,0,disappear
javier-j,javier-j,javier-j,0,j
wanita-j,wanita-j,wanita-j,0,j
sawankuwi-die,sawankuwi-die,sawankuwi-die,0,die
sawankui-die,sawankui-die,sawankui-die,0,die
yawarana-yawarana,yawarana-yawarana,yawarana-yawarana,0,yawarana
kukurito-k,kukurito-k,kukurito-k,0,k
wine-from,wine-from,wine-from,0,from
wine-from-1,wine-from-1,wine-from-1,0,from
kunawo-brother-in-law,kunawo-brother-in-law,kunawo-brother-in-law,0,brother-in-law
yamuwati-y,yamuwati-y,yamuwati-y,0,y
merisiyo-m,merisiyo-m,merisiyo-m,0,m
kanejte-weave,kanejte-weave,kanejte-weave,0,weave
indigena-indigenous-person,indigena-indigenous-person,indigena-indigenous-person,0,indigenous-person
pekepene-alone,pekepene-alone,pekepene-alone,0,alone
margarita-m,margarita-m,margarita-m,0,m
kajwe-coffee,kajwe-coffee,kajwe-coffee,0,coffee
kapitan-chief,kapitan-chief,kapitan-chief,0,chief
are-leaf,are-leaf,are-leaf,0,leaf
julieta-j,julieta-j,julieta-j,0,j
ron-rum,ron-rum,ron-rum,0,rum
pike-when,pike-when,pike-when,0,when
toma-t,toma-t,toma-t,0,t
peremeki-speak,peremeki-speak,peremeki-speak,0,speak
sanaka-heal,sanaka-heal,sanaka-heal,0,heal
sempinuku-close-eyes,sempinuku-close-eyes,sempinuku-close-eyes,0,close-eyes
sempinuj-close-eyes,sempinuj-close-eyes,sempinuj-close-eyes,0,close-eyes
yolanda-y,yolanda-y,yolanda-y,0,y
pe-ess,pe-ess,pe-ess,0,ess
kerejpe-old,kerejpe-old,kerejpe-old,0,old
kere-old,kere-old,kere-old,0,old
mesuku-blood-1,mesuku-blood-1,mesuku-blood-1,0,blood
enu-eye-1,enu-eye-1,enu-eye-1,0,eye
emekunu-hand,emekunu-hand,emekunu-hand,0,hand
ere-liver,ere-liver,ere-liver,0,liver
oti-meat,oti-meat,oti-meat,0,meat
ena-nose,ena-nose,ena-nose,0,nose
echi-smoke,echi-smoke,echi-smoke,0,smoke
tepu-stone,tepu-stone,tepu-stone,0,stone
ape-arm-wing,ape-arm-wing,ape-arm-wing,0,arm-wing
yeremutu-ash,yeremutu-ash,yeremutu-ash,0,ash
kanawa-canoe,kanawa-canoe,kanawa-canoe,0,canoe
kemichini-be-cold,kemichini-be-cold,kemichini-be-cold,0,be-cold
yakuri-agouti,yakuri-agouti,yakuri-agouti,0,agouti
makampra-aunt,makampra-aunt,makampra-aunt,0,aunt
yemi-be-hungry,yemi-be-hungry,yemi-be-hungry,0,be-hungry
yomi-be-hungry,yomi-be-hungry,yomi-be-hungry,0,be-hungry
yemi-be-hungry-1,yemi-be-hungry-1,yemi-be-hungry-1,0,be-hungry
ijmojka-cook,ijmojka-cook,ijmojka-cook,0,cook
ijmoka-cook,ijmoka-cook,ijmoka-cook,0,cook
padrastro-stepfather,padrastro-stepfather,padrastro-stepfather,0,stepfather
rafa-rafa,rafa-rafa,rafa-rafa,0,rafa
perez-perez,perez-perez,perez-perez,0,perez
akere-with,akere-with,akere-with,0,with
ka-all,ka-all,ka-all,0,all
maijte-go-imp,maijte-go-imp,maijte-go-imp,0,"go,imp"
ejnomo-ejnomo,ejnomo-ejnomo,ejnomo-ejnomo,0,ejnomo
sujta-urinate-0,sujta-urinate,suj-urine,0,urine
sujta-urinate-1,sujta-urinate,tavbz,1,"vbz,intr"
kaimota-hunt-0,kaimota-hunt,kaimo-game,0,game
kaimota-hunt-1,kaimota-hunt,tavbz,1,"vbz,intr"
meteta-thin-0,meteta-thin,mete-thin,0,thin
meteta-thin-1,meteta-thin,tavbz,1,"vbz,intr"
yokota-grow-pimple-0,yokota-grow-pimple,yoko-pimple,0,pimple
yokota-grow-pimple-1,yokota-grow-pimple,tavbz,1,"vbz,intr"
erepunta-become-sick-0,erepunta-become-sick,erepun-sick,0,sick
erepunta-become-sick-1,erepunta-become-sick,tavbz,1,"vbz,intr"
wereyta-cloud-over-0,wereyta-cloud-over,werey-cloud,0,cloud
wereyta-cloud-over-1,wereyta-cloud-over,tavbz,1,"vbz,intr"
wanaputa-grow-savannah-grass-0,wanaputa-grow-savannah-grass,wanapu-savannah,0,savannah
wanaputa-grow-savannah-grass-1,wanaputa-grow-savannah-grass,tavbz,1,"vbz,intr"
sakauta-get-sandy-0,sakauta-get-sandy,sakau-sand,0,sand
sakauta-get-sandy-1,sakauta-get-sandy,tavbz,1,"vbz,intr"
rokota-become-crazy-0,rokota-become-crazy,roko-crazy,0,crazy
rokota-become-crazy-1,rokota-become-crazy,tavbz,1,"vbz,intr"
punta-form-pulp-0,punta-form-pulp,pun-flesh,0,flesh
punta-form-pulp-1,punta-form-pulp,tavbz,1,"vbz,intr"
piketa-fart-0,piketa-fart,pike-fart,0,fart
piketa-fart-1,piketa-fart,tavbz,1,"vbz,intr"
pichipichita-form-whitebait-0,pichipichita-form-whitebait,pichipichi-whitebait,0,whitebait
pichipichita-form-whitebait-1,pichipichita-form-whitebait,tavbz,1,"vbz,intr"
nakita-be-thirsty-0,nakita-be-thirsty,naki-thirst,0,thirst
nakita-be-thirsty-1,nakita-be-thirsty,tavbz,1,"vbz,intr"
mukuta-have-son-0,mukuta-have-son,muku-child,0,child
mukuta-have-son-1,mukuta-have-son,tavbz,1,"vbz,intr"
motota-fill-with-worms-0,motota-fill-with-worms,moto-worm,0,worm
motota-fill-with-worms-1,motota-fill-with-worms,tavbz,1,"vbz,intr"
moronta-hurt-0,moronta-hurt,moron-pain,0,pain
moronta-hurt-1,moronta-hurt,tavbz,1,"vbz,intr"
mesujta-bleed-0,mesujta-bleed,mesuj-blood,0,blood
mesujta-bleed-1,mesujta-bleed,tavbz,1,"vbz,intr"
kereta-ripen-0,kereta-ripen,kere-old,0,old
kereta-ripen-1,kereta-ripen,tavbz,1,"vbz,intr"
kemuta-emit-pus-0,kemuta-emit-pus,kemu-pus,0,pus
kemuta-emit-pus-1,kemuta-emit-pus,tavbz,1,"vbz,intr"
konopota-start-rainy-season-0,konopota-start-rainy-season,konopo-rain,0,rain
konopota-start-rainy-season-1,konopota-start-rainy-season,tavbz,1,"vbz,intr"
kawonota-get-high-0,kawonota-get-high,kawono-high,0,high
kawonota-get-high-1,kawonota-get-high,tavbz,1,"vbz,intr"
kamparata-grow-0,kamparata-grow,kampara-big,0,big
kamparata-grow-1,kamparata-grow,tavbz,1,"vbz,intr"
chekeyta-fill-with-nits-0,chekeyta-fill-with-nits,chekey-nit,0,nit
chekeyta-fill-with-nits-1,chekeyta-fill-with-nits,tavbz,1,"vbz,intr"
chimichimita-fill-with-worms-dog-0,chimichimita-fill-with-worms-dog,chimichimi-worm-dog,0,worm-dog
chimichimita-fill-with-worms-dog-1,chimichimita-fill-with-worms-dog,tavbz,1,"vbz,intr"
chiketa-get-chiggers-0,chiketa-get-chiggers,chike-chigger,0,chigger
chiketa-get-chiggers-1,chiketa-get-chiggers,tavbz,1,"vbz,intr"
awochita-form-tumor-0,awochita-form-tumor,awochi-tumor,0,tumor
awochita-form-tumor-1,awochita-form-tumor,tavbz,1,"vbz,intr"
asereta-have-dry-cough-0,asereta-have-dry-cough,asere-dry-cough,0,dry-cough
asereta-have-dry-cough-1,asereta-have-dry-cough,tavbz,1,"vbz,intr"
aijkoronota-recover-0,aijkoronota-recover,aijkorono-recovered,0,recovered
aijkoronota-recover-1,aijkoronota-recover,tavbz,1,"vbz,intr"
ajpachita-overgrows-0,ajpachita-overgrows,ajpachi-undergrowth,0,undergrowth
ajpachita-overgrows-1,ajpachita-overgrows,tavbz,1,"vbz,intr"
akita-fill-with-worms-0,akita-fill-with-worms,aki-worm,0,worm
akita-fill-with-worms-1,akita-fill-with-worms,tavbz,1,"vbz,intr"
apita-ripen-0,apita-ripen,api-ripeness,0,ripeness
apita-ripen-1,apita-ripen,tavbz,1,"vbz,intr"
amuta-ripen-0,amuta-ripen,amu-ripeness,0,ripeness
amuta-ripen-1,amuta-ripen,tavbz,1,"vbz,intr"
chijchiputa-move-body-0,chijchiputa-move-body,chijchipu-body-movement,0,body-movement
chijchiputa-move-body-1,chijchiputa-move-body,tavbz,1,"vbz,intr"
kasota-fatten-0,kasota-fatten,kaso-fat,0,fat
kasota-fatten-1,kasota-fatten,tavbz,1,"vbz,intr"
takunuta-slack-off-0,takunuta-slack-off,takunu-laziness,0,laziness
takunuta-slack-off-1,takunuta-slack-off,tavbz,1,"vbz,intr"
werewereta-swarm-mosquitos-0,werewereta-swarm-mosquitos,werewere-mosquito-sp,0,mosquito-sp
werewereta-swarm-mosquitos-1,werewereta-swarm-mosquitos,tavbz,1,"vbz,intr"
keyata-grow-0,keyata-grow,keya-think,0,think
keyata-grow-1,keyata-grow,tavbz,1,"vbz,intr"
keyeta-grow-0,keyeta-grow,keya-big,0,big-1
keyeta-grow-1,keyeta-grow,tavbz,1,"vbz,intr"
majta-become-thin-0,majta-become-thin,maj-thin,0,thin
majta-become-thin-1,majta-become-thin,tavbz,1,"vbz,intr"
paijta-swell-river-0,paijta-swell-river,paij-full,0,full
paijta-swell-river-1,paijta-swell-river,tavbz,1,"vbz,intr"
wenaka-vomit-0,wenaka-vomit,wena-vomit,0,vomit
wenaka-vomit-1,wenaka-vomit,kavbz,1,"vbz,tr"
ajpachika-weed-0,ajpachika-weed,ajpachi-undergrowth,0,undergrowth
ajpachika-weed-1,ajpachika-weed,kavbz,1,"vbz,tr"
mejyaka-uncover-0,mejyaka-uncover,mejya-cover,0,cover
mejyaka-uncover-1,mejyaka-uncover,kavbz,1,"vbz,tr"
moronka-make-suffer-0,moronka-make-suffer,moron-pain,0,pain
moronka-make-suffer-1,moronka-make-suffer,kavbz,1,"vbz,tr"
mujnaka-dig-out-0,mujnaka-dig-out,mujna-grave,0,grave
mujnaka-dig-out-1,mujnaka-dig-out,kavbz,1,"vbz,tr"
pataka-take-out-0,pataka-take-out,pata-village,0,village
pataka-take-out-1,pataka-take-out,kavbz,1,"vbz,tr"
katupuma-pile-up-0,katupuma-pile-up,katupu-pile-up,0,pile-up
katupuma-pile-up-1,katupuma-pile-up,macaus,1,caus
keyama-raise-0,keyama-raise,keya-think,0,think
keyama-raise-1,keyama-raise,macaus,1,caus
kirima-thicken-0,kirima-thicken,kiri-thicken,0,thicken
kirima-thicken-1,kirima-thicken,macaus,1,caus
morontama-cause-pain-0,morontama-cause-pain,moron-pain,0,pain
morontama-cause-pain-1,morontama-cause-pain,tavbz,1,"vbz,intr"
morontama-cause-pain-2,morontama-cause-pain,macaus,2,caus
pejma-bewitch-0,pejma-bewitch,pej-witch,0,witch
pejma-bewitch-1,pejma-bewitch,macaus,1,caus
yajwema-sweeten-0,yajwema-sweeten,yajwe-become-sweet,0,become-sweet
yajwema-sweeten-1,yajwema-sweeten,macaus,1,caus
yapima-make-worse-0,yapima-make-worse,yapi-become-worse,0,become-worse
yapima-make-worse-1,yapima-make-worse,macaus,1,caus
yatuma-warm-0,yatuma-warm,yatu-become-warm,0,become-warm
yatuma-warm-1,yatuma-warm,macaus,1,caus
yerema-feed-0,yerema-feed,yere-eat,0,eat
yerema-feed-1,yerema-feed,macaus,1,caus
erema-feed-0,erema-feed,ere-liver,0,liver
erema-feed-1,erema-feed,macaus,1,caus
yakarama-tell-0,yakarama-tell,yakara-believe,0,believe
yakarama-tell-1,yakarama-tell,macaus,1,caus
ejnai-make-self-0,ejnai-make-self,dt1,0,detrz
ejnai-make-self-1,ejnai-make-self,nai-do,1,do
ejwenaka-vomit-0,ejwenaka-vomit,dt1,0,detrz
ejwenaka-vomit-1,ejwenaka-vomit,wena-vomit,1,vomit
ejwenaka-vomit-2,ejwenaka-vomit,kavbz,2,"vbz,tr"
serema-eat-0,serema-eat,dt2,0,detrz
serema-eat-1,serema-eat,ere-liver,1,liver
serema-eat-2,serema-eat,macaus,2,caus
senka-finish-0,senka-finish,dt2,0,detrz
senka-finish-1,senka-finish,enka-finish,1,finish
ejneme-remain-0,ejneme-remain,dt1,0,detrz
ejneme-remain-1,ejneme-remain,neme-leave,1,leave
senejka-stay-0,senejka-stay,dt2,0,detrz
senejka-stay-1,senejka-stay,enejka-watch,1,watch
apataka-come-out-0,apataka-come-out,dt4,0,detrz
apataka-come-out-2,apataka-come-out,kavbz,2,"vbz,tr"
sereka-become-tired-0,sereka-become-tired,dt2,0,detrz
sereka-become-tired-1,sereka-become-tired,ereka-tire,1,tire
esene-see-self-0,esene-see-self,dt5,0,detrz
esene-see-self-1,esene-see-self,ene-see,1,see
sene-see-self-0,sene-see-self,dt2,0,detrz
sene-see-self-1,sene-see-self,ene-see,1,see
atapej-seize-on-0,atapej-seize-on,dt3,0,detrz
atapej-seize-on-1,atapej-seize-on,apej-grab,1,grab
ejpenaka-return-0,ejpenaka-return,dt1,0,detrz
ejpenaka-return-1,ejpenaka-return,penaka-return,1,return
kojpaye-at-night-0,kojpaye-at-night,kojpa-night,0,night
kojpaye-at-night-1,kojpaye-at-night,yeadvz,1,advz
kamprake-big-0,kamprake-big,kampra-big,0,big
kamprake-big-1,kamprake-big,keprop,1,prop
tejpore-tasty-0,tejpore-tasty,tejpo-taste,0,taste
tejpore-tasty-1,tejpore-tasty,readvz,1,advz
tapire-red-0,tapire-red,tapi-redness,0,redness
tapire-red-1,tapire-red,readvz,1,advz
pechine-odorous-0,pechine-odorous,pochi-smell,0,smell
pechine-odorous-1,pechine-odorous,neadvz,1,advz
pochine-odorous-0,pochine-odorous,pochi-smell,0,smell
pochine-odorous-1,pochine-odorous,neadvz,1,advz
makepijke-second-mother-0,makepijke-second-mother,make-mom,0,mom
makepijke-second-mother-1,makepijke-second-mother,pijkedim,1,dim
meteye-thin-0,meteye-thin,mete-thin,0,thin
meteye-thin-1,meteye-thin,yeadvz,1,advz
tepeti-go-plur-0,tepeti-go-plur,te-go,0,go
tepeti-go-plur-1,tepeti-go-plur,plur1,1,plur
sejpeti-dream-0,sejpeti-dream,sej-dream,0,dream
sejpeti-dream-1,sejpeti-dream,plur1,1,plur
sejpej-dream-0,sejpej-dream,sej-dream,0,dream
sejpej-dream-1,sejpej-dream,plur2,1,plur
mujnajte-bury-0,mujnajte-bury,mujna-grave,0,grave
mujnajte-bury-1,mujnajte-bury,jtevbz,1,"vbz,tr"
asereke-dry-cough-prop-0,asereke-dry-cough-prop,asere-dry-cough,0,dry-cough
asereke-dry-cough-prop-1,asereke-dry-cough-prop,keprop,1,prop
enirono-now-nmlz-0,enirono-now-nmlz,eniro-now,0,now
enirono-now-nmlz-1,enirono-now-nmlz,nonmlz,1,nmlz
ijmokani-cook-agtnmlz-0,ijmokani-cook-agtnmlz,ijmoka-cook,0,cook
ijmokani-cook-agtnmlz-1,ijmokani-cook-agtnmlz,ninmlz,1,agtnmlz
kamparake-big-prop-0,kamparake-big-prop,kampara-big,0,big
kamparake-big-prop-1,kamparake-big-prop,keprop,1,prop
kereke-old-prop-0,kereke-old-prop,kere-old,0,old
kereke-old-prop-1,kereke-old-prop,keprop,1,prop
keyari-think-acnnmlz-0,keyari-think-acnnmlz,keya-think,0,think
keyari-think-acnnmlz-1,keyari-think-acnnmlz,rinmlz,1,acnnmlz
nonoke-earth-prop-0,nonoke-earth-prop,nono-earth,0,earth
nonoke-earth-prop-1,nonoke-earth-prop,keprop,1,prop
nopano-good-nmlz-0,nopano-good-nmlz,nop-good,0,good
nopano-good-nmlz-1,nopano-good-nmlz,anonmlz,1,nmlz
pejmani-bewitch-agtnmlz-0,pejmani-bewitch-agtnmlz,pej-witch,0,witch
pejmani-bewitch-agtnmlz-1,pejmani-bewitch-agtnmlz,macaus,1,caus
pejmani-bewitch-agtnmlz-2,pejmani-bewitch-agtnmlz,ninmlz,2,agtnmlz
teijpono-far-nmlz-0,teijpono-far-nmlz,teijpo-far-1,0,far
teijpono-far-nmlz-1,teijpono-far-nmlz,nonmlz,1,nmlz
tejporemi-tasty-nmlz-0,tejporemi-tasty-nmlz,tejpo-taste,0,taste
tejporemi-tasty-nmlz-1,tejporemi-tasty-nmlz,readvz,1,advz
tejporemi-tasty-nmlz-2,tejporemi-tasty-nmlz,minmlz,2,nmlz
weseyuri-be-brave-acnnmlz-0,weseyuri-be-brave-acnnmlz,weseyu-be-brave,0,be-brave
weseyuri-be-brave-acnnmlz-1,weseyuri-be-brave-acnnmlz,rinmlz,1,acnnmlz
tari-say-acnnmlz-0,tari-say-acnnmlz,ta-say,0,say
tari-say-acnnmlz-1,tari-say-acnnmlz,rinmlz,1,acnnmlz
chiri-cop-acnnmlz-0,chiri-cop-acnnmlz,chi-cop,0,cop
chiri-cop-acnnmlz-1,chiri-cop-acnnmlz,rinmlz,1,acnnmlz
yenese-eat-meat-ptcp-0,yenese-eat-meat-ptcp,yene-eat-meat,0,eat-meat
yenese-eat-meat-ptcp-1,yenese-eat-meat-ptcp,septcp,1,ptcp
tajtane-say-cncs-0,tajtane-say-cncs,taj-say,0,say
tajtane-say-cncs-1,tajtane-say-cncs,tanecncs,1,cncs
tajtoj-say-circ-nmlz-0,tajtoj-say-circ-nmlz,taj-say,0,say
tajtoj-say-circ-nmlz-1,tajtoj-say-circ-nmlz,tojnmlz,1,"circ,nmlz"
inijpe-see-pst-acnnmlz-0,inijpe-see-pst-acnnmlz,ini-see,0,see
inijpe-see-pst-acnnmlz-1,inijpe-see-pst-acnnmlz,jpenmlz,1,"pst,acnnmlz"
sereke-bitter-manioc-prop-0,sereke-bitter-manioc-prop,sere-bitter-manioc,0,bitter-manioc
sereke-bitter-manioc-prop-1,sereke-bitter-manioc-prop,keprop,1,prop
yemepeti-eat-fruits-eggs-soup-plur-0,yemepeti-eat-fruits-eggs-soup-plur,yeme-eat-fruits-eggs-soup,0,eat-fruits-eggs-soup
yemepeti-eat-fruits-eggs-soup-plur-1,yemepeti-eat-fruits-eggs-soup-plur,plur1,1,plur
keyatajpe-grow-pst-acnnmlz-0,keyatajpe-grow-pst-acnnmlz,keya-think,0,think
keyatajpe-grow-pst-acnnmlz-1,keyatajpe-grow-pst-acnnmlz,tavbz,1,"vbz,intr"
keyatajpe-grow-pst-acnnmlz-2,keyatajpe-grow-pst-acnnmlz,jpenmlz,2,"pst,acnnmlz"
enireno-now-nmlz-0,enireno-now-nmlz,enire-now,0,now
enireno-now-nmlz-1,enireno-now-nmlz,nonmlz,1,nmlz
yaweno-loc-nmlz-0,yaweno-loc-nmlz,yawe-loc,0,loc
yaweno-loc-nmlz-1,yaweno-loc-nmlz,nonmlz,1,nmlz
nairi-do-acnnmlz-0,nairi-do-acnnmlz,nai-do,0,do
nairi-do-acnnmlz-1,nairi-do-acnnmlz,rinmlz,1,acnnmlz
ijmojkatopo-cook-circ-nmlz-0,ijmojkatopo-cook-circ-nmlz,ijmojka-cook,0,cook
ijmojkatopo-cook-circ-nmlz-1,ijmojkatopo-cook-circ-nmlz,toponmlz,1,"circ,nmlz"
kani-take-out-agtnmlz-0,kani-take-out-agtnmlz,ka-take-out,0,take-out
kani-take-out-agtnmlz-1,kani-take-out-agtnmlz,ninmlz,1,agtnmlz
turi-give-acnnmlz-0,turi-give-acnnmlz,tu-give,0,give
turi-give-acnnmlz-1,turi-give-acnnmlz,rinmlz,1,acnnmlz
empampej-learn-plur-0,empampej-learn-plur,empam-learn,0,learn
empampej-learn-plur-1,empampej-learn-plur,plur2,1,plur
moronkapo-make-suffer-des-0,moronkapo-make-suffer-des,moron-pain,0,pain
moronkapo-make-suffer-des-1,moronkapo-make-suffer-des,kavbz,1,"vbz,tr"
moronkapo-make-suffer-des-2,moronkapo-make-suffer-des,podes,2,des
taropo-say-des-0,taropo-say-des,taro-say,0,say
taropo-say-des-1,taropo-say-des,podes,1,des
empamtoj-learn-circ-nmlz-0,empamtoj-learn-circ-nmlz,empam-learn,0,learn
empamtoj-learn-circ-nmlz-1,empamtoj-learn-circ-nmlz,tojnmlz,1,"circ,nmlz"
tajpeti-say-plur-0,tajpeti-say-plur,taj-say,0,say
tajpeti-say-plur-1,tajpeti-say-plur,plur1,1,plur
pojteri-want-acnnmlz-0,pojteri-want-acnnmlz,pojte-want,0,want
pojteri-want-acnnmlz-1,pojteri-want-acnnmlz,rinmlz,1,acnnmlz
wejpo-come-des-0,wejpo-come-des,wej-come,0,come
wejpo-come-des-1,wejpo-come-des,podes,1,des
yepematopo-pay-circ-nmlz-0,yepematopo-pay-circ-nmlz,yepema-pay,0,pay
yepematopo-pay-circ-nmlz-1,yepematopo-pay-circ-nmlz,toponmlz,1,"circ,nmlz"
warotatopo-work-circ-nmlz-0,warotatopo-work-circ-nmlz,warota-work,0,work
warotatopo-work-circ-nmlz-1,warotatopo-work-circ-nmlz,toponmlz,1,"circ,nmlz"
yakaramari-tell-acnnmlz-0,yakaramari-tell-acnnmlz,yakara-believe,0,believe
yakaramari-tell-acnnmlz-1,yakaramari-tell-acnnmlz,macaus,1,caus
yakaramari-tell-acnnmlz-2,yakaramari-tell-acnnmlz,rinmlz,2,acnnmlz
serekapo-become-tired-des-0,serekapo-become-tired-des,dt2,0,detrz
serekapo-become-tired-des-1,serekapo-become-tired-des,ereka-tire,1,tire
serekapo-become-tired-des-2,serekapo-become-tired-des,podes,2,des
pokono-about-nmlz-0,pokono-about-nmlz,poko-about,0,about
pokono-about-nmlz-1,pokono-about-nmlz,nonmlz,1,nmlz
tunamri-hide-acnnmlz-0,tunamri-hide-acnnmlz,tunam-hide,0,hide
tunamri-hide-acnnmlz-1,tunamri-hide-acnnmlz,rinmlz,1,acnnmlz
yarikatopo-laugh-circ-nmlz-0,yarikatopo-laugh-circ-nmlz,yarika-laugh,0,laugh
yarikatopo-laugh-circ-nmlz-1,yarikatopo-laugh-circ-nmlz,toponmlz,1,"circ,nmlz"
itapo-hear-des-0,itapo-hear-des,ita-hear,0,hear
itapo-hear-des-1,itapo-hear-des,podes,1,des
yaruwatopo-laugh-circ-nmlz-0,yaruwatopo-laugh-circ-nmlz,yaruwa-laugh,0,laugh
yaruwatopo-laugh-circ-nmlz-1,yaruwatopo-laugh-circ-nmlz,toponmlz,1,"circ,nmlz"
iniri-see-acnnmlz-0,iniri-see-acnnmlz,ini-see,0,see
iniri-see-acnnmlz-1,iniri-see-acnnmlz,rinmlz,1,acnnmlz
yarikase-laugh-ptcp-0,yarikase-laugh-ptcp,yarika-laugh,0,laugh
yarikase-laugh-ptcp-1,yarikase-laugh-ptcp,septcp,1,ptcp
yakaramapeti-tell-plur-0,yakaramapeti-tell-plur,yakara-believe,0,believe
yakaramapeti-tell-plur-1,yakaramapeti-tell-plur,macaus,1,caus
yakaramapeti-tell-plur-2,yakaramapeti-tell-plur,plur1,2,plur
yeneni-eat-meat-agtnmlz-0,yeneni-eat-meat-agtnmlz,yene-eat-meat,0,eat-meat
yeneni-eat-meat-agtnmlz-1,yeneni-eat-meat-agtnmlz,ninmlz,1,agtnmlz
ekejna-where-nmlz-0,ekejna-where-nmlz,ekej-where,0,where
ekejna-where-nmlz-1,ekejna-where-nmlz,nanmlz,1,nmlz
yapejtane-grab-cncs-0,yapejtane-grab-cncs,yapej-grab,0,grab
yapejtane-grab-cncs-1,yapejtane-grab-cncs,tanecncs,1,cncs
mukupijke-child-dim-0,mukupijke-child-dim,muku-child,0,child
mukupijke-child-dim-1,mukupijke-child-dim,pijkedim,1,dim
yenepej-eat-meat-plur-0,yenepej-eat-meat-plur,yene-eat-meat,0,eat-meat
yenepej-eat-meat-plur-1,yenepej-eat-meat-plur,plur2,1,plur
tena-loc-nmlz-0,tena-loc-nmlz,te-loc,0,loc
tena-loc-nmlz-1,tena-loc-nmlz,nanmlz,1,nmlz
tampapeti-become-angry-plur-0,tampapeti-become-angry-plur,tampa-become-angry,0,become-angry
tampapeti-become-angry-plur-1,tampapeti-become-angry-plur,plur1,1,plur
panake-ear-prop-0,panake-ear-prop,pana-ear,0,ear
panake-ear-prop-1,panake-ear-prop,keprop,1,prop
samopeti-cry-plur-0,samopeti-cry-plur,samo-cry,0,cry
samopeti-cry-plur-1,samopeti-cry-plur,plur1,1,plur
tajrominke-bad-omen-prop-0,tajrominke-bad-omen-prop,tajromin-bad-omen,0,bad-omen
tajrominke-bad-omen-prop-1,tajrominke-bad-omen-prop,keprop,1,prop
semapej-die-plur-0,semapej-die-plur,sema-die,0,die
semapej-die-plur-1,semapej-die-plur,plur2,1,plur
semari-die-acnnmlz-0,semari-die-acnnmlz,sema-die,0,die
semari-die-acnnmlz-1,semari-die-acnnmlz,rinmlz,1,acnnmlz
esemane-die-inf-0,esemane-die-inf,esema-die,0,die
esemane-die-inf-1,esemane-die-inf,neinf,1,inf
wenkejpej-forget-plur-0,wenkejpej-forget-plur,wenkej-forget,0,forget
wenkejpej-forget-plur-1,wenkejpej-forget-plur,plur2,1,plur
weseise-be-brave-ptcp-0,weseise-be-brave-ptcp,wesei-be-brave,0,be-brave
weseise-be-brave-ptcp-1,weseise-be-brave-ptcp,septcp,1,ptcp
atapejse-seize-on-ptcp-0,atapejse-seize-on-ptcp,dt3,0,detrz
atapejse-seize-on-ptcp-1,atapejse-seize-on-ptcp,apej-grab,1,grab
atapejse-seize-on-ptcp-2,atapejse-seize-on-ptcp,septcp,2,ptcp
tapej-say-plur-0,tapej-say-plur,ta-say,0,say
tapej-say-plur-1,tapej-say-plur,plur2,1,plur
inpo-see-des-0,inpo-see-des,in-see,0,see
inpo-see-des-1,inpo-see-des,podes,1,des
tawejkari-dawn-acnnmlz-0,tawejkari-dawn-acnnmlz,tawejka-dawn,0,dawn
tawejkari-dawn-acnnmlz-1,tawejkari-dawn-acnnmlz,rinmlz,1,acnnmlz
yakase-dig-out-ptcp-0,yakase-dig-out-ptcp,yaka-dig-out,0,dig-out
yakase-dig-out-ptcp-1,yakase-dig-out-ptcp,septcp,1,ptcp
enteno-here-loc-nmlz-0,enteno-here-loc-nmlz,ente-here-loc,0,"here,loc"
enteno-here-loc-nmlz-1,enteno-here-loc-nmlz,nonmlz,1,nmlz
yenpo-drink-des-0,yenpo-drink-des,yen-drink,0,drink
yenpo-drink-des-1,yenpo-drink-des,podes,1,des
yempekapeti-offend-plur-0,yempekapeti-offend-plur,yempeka-offend,0,offend
yempekapeti-offend-plur-1,yempekapeti-offend-plur,plur1,1,plur
semajpe-die-pst-acnnmlz-0,semajpe-die-pst-acnnmlz,sema-die,0,die
semajpe-die-pst-acnnmlz-1,semajpe-die-pst-acnnmlz,jpenmlz,1,"pst,acnnmlz"
yemiri-be-hungry-acnnmlz-0,yemiri-be-hungry-acnnmlz,yemi-be-hungry-1,0,be-hungry
yemiri-be-hungry-acnnmlz-1,yemiri-be-hungry-acnnmlz,rinmlz,1,acnnmlz
serematojpe-eat-purp-0,serematojpe-eat-purp,dt2,0,detrz
serematojpe-eat-purp-1,serematojpe-eat-purp,ere-liver,1,liver
serematojpe-eat-purp-2,serematojpe-eat-purp,macaus,2,caus
serematojpe-eat-purp-3,serematojpe-eat-purp,tojpepurp,3,purp
semasape-die-abs-nmlz-0,semasape-die-abs-nmlz,sema-die,0,die
semasape-die-abs-nmlz-1,semasape-die-abs-nmlz,sapenmlz,1,"abs,nmlz"
kejmatojpe-hunt-purp-0,kejmatojpe-hunt-purp,kejma-hunt,0,hunt
kejmatojpe-hunt-purp-1,kejmatojpe-hunt-purp,tojpepurp,1,purp
ijmokatojpe-cook-purp-0,ijmokatojpe-cook-purp,ijmoka-cook,0,cook
ijmokatojpe-cook-purp-1,ijmokatojpe-cook-purp,tojpepurp,1,purp
tajtojpe-say-purp-0,tajtojpe-say-purp,taj-say,0,say
tajtojpe-say-purp-1,tajtojpe-say-purp,tojpepurp,1,purp
wejtane-cop-cncs-0,wejtane-cop-cncs,wej-cop,0,cop
wejtane-cop-cncs-1,wejtane-cop-cncs,tanecncs,1,cncs
inse-see-ptcp-0,inse-see-ptcp,in-see,0,see
inse-see-ptcp-1,inse-see-ptcp,septcp,1,ptcp
ijmojkani-cook-agtnmlz-0,ijmojkani-cook-agtnmlz,ijmojka-cook,0,cook
ijmojkani-cook-agtnmlz-1,ijmojkani-cook-agtnmlz,ninmlz,1,agtnmlz
yanse-pick-up-ptcp-0,yanse-pick-up-ptcp,yan-pick-up,0,pick-up
yanse-pick-up-ptcp-1,yanse-pick-up-ptcp,septcp,1,ptcp
tuse-give-ptcp-0,tuse-give-ptcp,tu-give,0,give
tuse-give-ptcp-1,tuse-give-ptcp,septcp,1,ptcp
teri-go-acnnmlz-0,teri-go-acnnmlz,te-go,0,go
teri-go-acnnmlz-1,teri-go-acnnmlz,rinmlz,1,acnnmlz
itopo-put-circ-nmlz-0,itopo-put-circ-nmlz,i-put,0,put
itopo-put-circ-nmlz-1,itopo-put-circ-nmlz,toponmlz,1,"circ,nmlz"
yantopo-pick-up-circ-nmlz-0,yantopo-pick-up-circ-nmlz,yan-pick-up,0,pick-up
yantopo-pick-up-circ-nmlz-1,yantopo-pick-up-circ-nmlz,toponmlz,1,"circ,nmlz"
apatakase-come-out-ptcp-0,apatakase-come-out-ptcp,dt4,0,detrz
apatakase-come-out-ptcp-2,apatakase-come-out-ptcp,kavbz,2,"vbz,tr"
apatakase-come-out-ptcp-3,apatakase-come-out-ptcp,septcp,3,ptcp
yenejpe-eat-meat-pst-acnnmlz-0,yenejpe-eat-meat-pst-acnnmlz,yene-eat-meat,0,eat-meat
yenejpe-eat-meat-pst-acnnmlz-1,yenejpe-eat-meat-pst-acnnmlz,jpenmlz,1,"pst,acnnmlz"
wejsape-come-abs-nmlz-0,wejsape-come-abs-nmlz,wej-come,0,come
wejsape-come-abs-nmlz-1,wejsape-come-abs-nmlz,sapenmlz,1,"abs,nmlz"
apono-later-nmlz-0,apono-later-nmlz,apo-later,0,later
apono-later-nmlz-1,apono-later-nmlz,nonmlz,1,nmlz
moronemi-hurting-nmlz-0,moronemi-hurting-nmlz,morone-hurting,0,hurting
moronemi-hurting-nmlz-1,moronemi-hurting-nmlz,minmlz,1,nmlz
enirem-now-nmlz-0,enirem-now-nmlz,enire-now,0,now
enirem-now-nmlz-1,enirem-now-nmlz,mnmlz,1,nmlz
tojpapeti-hit-plur-0,tojpapeti-hit-plur,tojpa-hit,0,hit
tojpapeti-hit-plur-1,tojpapeti-hit-plur,plur1,1,plur
tani-say-agtnmlz-0,tani-say-agtnmlz,ta-say,0,say
tani-say-agtnmlz-1,tani-say-agtnmlz,ninmlz,1,agtnmlz
enijpeteno-one-nmlz-0,enijpeteno-one-nmlz,enijpete-one,0,one
enijpeteno-one-nmlz-1,enijpeteno-one-nmlz,nonmlz,1,nmlz
yampej-pick-up-plur-0,yampej-pick-up-plur,yam-pick-up,0,pick-up
yampej-pick-up-plur-1,yampej-pick-up-plur,plur2,1,plur
weri-kill-acnnmlz-0,weri-kill-acnnmlz,we-kill,0,kill
weri-kill-acnnmlz-1,weri-kill-acnnmlz,rinmlz,1,acnnmlz
epepej-escape-plur-0,epepej-escape-plur,epe-escape,0,escape
epepej-escape-plur-1,epepej-escape-plur,plur2,1,plur
wepej-kill-plur-0,wepej-kill-plur,we-kill,0,kill
wepej-kill-plur-1,wepej-kill-plur,plur2,1,plur
tajtopo-say-circ-nmlz-0,tajtopo-say-circ-nmlz,taj-say,0,say
tajtopo-say-circ-nmlz-1,tajtopo-say-circ-nmlz,toponmlz,1,"circ,nmlz"
yojse-eat-starch-ptcp-0,yojse-eat-starch-ptcp,yoj-eat-starch,0,eat-starch
yojse-eat-starch-ptcp-1,yojse-eat-starch-ptcp,septcp,1,ptcp
yense-drink-ptcp-0,yense-drink-ptcp,yen-drink,0,drink
yense-drink-ptcp-1,yense-drink-ptcp,septcp,1,ptcp
yamanse-make-ptcp-0,yamanse-make-ptcp,yaman-make,0,make
yamanse-make-ptcp-1,yamanse-make-ptcp,septcp,1,ptcp
yajwemari-sweeten-acnnmlz-0,yajwemari-sweeten-acnnmlz,yajwe-become-sweet,0,become-sweet
yajwemari-sweeten-acnnmlz-1,yajwemari-sweeten-acnnmlz,macaus,1,caus
yajwemari-sweeten-acnnmlz-2,yajwemari-sweeten-acnnmlz,rinmlz,2,acnnmlz
yeniri-drink-acnnmlz-0,yeniri-drink-acnnmlz,yeni-drink,0,drink
yeniri-drink-acnnmlz-1,yeniri-drink-acnnmlz,rinmlz,1,acnnmlz
semori-cry-acnnmlz-0,semori-cry-acnnmlz,semo-cry,0,cry
semori-cry-acnnmlz-1,semori-cry-acnnmlz,rinmlz,1,acnnmlz
senkari-finish-acnnmlz-0,senkari-finish-acnnmlz,dt2,0,detrz
senkari-finish-acnnmlz-2,senkari-finish-acnnmlz,rinmlz,2,acnnmlz
chijpe-cop-pst-acnnmlz-0,chijpe-cop-pst-acnnmlz,chi-cop,0,cop
chijpe-cop-pst-acnnmlz-1,chijpe-cop-pst-acnnmlz,jpenmlz,1,"pst,acnnmlz"
tarojpe-say-pst-acnnmlz-0,tarojpe-say-pst-acnnmlz,taro-say,0,say
tarojpe-say-pst-acnnmlz-1,tarojpe-say-pst-acnnmlz,jpenmlz,1,"pst,acnnmlz"
watiri-burn-acnnmlz-0,watiri-burn-acnnmlz,wati-burn,0,burn
watiri-burn-acnnmlz-1,watiri-burn-acnnmlz,rinmlz,1,acnnmlz
tene-go-inf-0,tene-go-inf,te-go,0,go
tene-go-inf-1,tene-go-inf,neinf,1,inf
eseneri-see-self-acnnmlz-0,eseneri-see-self-acnnmlz,dt5,0,detrz
eseneri-see-self-acnnmlz-1,eseneri-see-self-acnnmlz,ene-see,1,see
eseneri-see-self-acnnmlz-2,eseneri-see-self-acnnmlz,rinmlz,2,acnnmlz
seneri-see-self-acnnmlz-0,seneri-see-self-acnnmlz,dt2,0,detrz
seneri-see-self-acnnmlz-1,seneri-see-self-acnnmlz,ene-see,1,see
seneri-see-self-acnnmlz-2,seneri-see-self-acnnmlz,rinmlz,2,acnnmlz
rokotapeti-become-crazy-plur-0,rokotapeti-become-crazy-plur,roko-crazy,0,crazy
rokotapeti-become-crazy-plur-1,rokotapeti-become-crazy-plur,tavbz,1,"vbz,intr"
rokotapeti-become-crazy-plur-2,rokotapeti-become-crazy-plur,plur1,2,plur
patakajpe-take-out-pst-acnnmlz-1,patakajpe-take-out-pst-acnnmlz,kavbz,1,"vbz,tr"
patakajpe-take-out-pst-acnnmlz-2,patakajpe-take-out-pst-acnnmlz,jpenmlz,2,"pst,acnnmlz"
wajpej-burn-plur-0,wajpej-burn-plur,waj-burn,0,burn
wajpej-burn-plur-1,wajpej-burn-plur,plur2,1,plur
senkase-finish-ptcp-0,senkase-finish-ptcp,dt2,0,detrz
senkase-finish-ptcp-2,senkase-finish-ptcp,septcp,2,ptcp
yeke-tooth-prop-0,yeke-tooth-prop,ye-tooth-1,0,tooth
yeke-tooth-prop-1,yeke-tooth-prop,keprop,1,prop
pojtepo-want-des-0,pojtepo-want-des,pojte-want,0,want
pojtepo-want-des-1,pojtepo-want-des,podes,1,des
warotase-work-ptcp-0,warotase-work-ptcp,warota-work,0,work
warotase-work-ptcp-1,warotase-work-ptcp,septcp,1,ptcp
warotari-work-acnnmlz-0,warotari-work-acnnmlz,warota-work,0,work
warotari-work-acnnmlz-1,warotari-work-acnnmlz,rinmlz,1,acnnmlz
iri-put-acnnmlz-0,iri-put-acnnmlz,i-put,0,put
iri-put-acnnmlz-1,iri-put-acnnmlz,rinmlz,1,acnnmlz
naijtopo-do-circ-nmlz-0,naijtopo-do-circ-nmlz,naij-do,0,do
naijtopo-do-circ-nmlz-1,naijtopo-do-circ-nmlz,toponmlz,1,"circ,nmlz"
warotane-work-inf-0,warotane-work-inf,warota-work,0,work
warotane-work-inf-1,warotane-work-inf,neinf,1,inf
senkapeti-finish-plur-0,senkapeti-finish-plur,dt2,0,detrz
senkapeti-finish-plur-2,senkapeti-finish-plur,plur1,2,plur
sempinukuri-close-eyes-acnnmlz-0,sempinukuri-close-eyes-acnnmlz,sempinuku-close-eyes,0,close-eyes
sempinukuri-close-eyes-acnnmlz-1,sempinukuri-close-eyes-acnnmlz,rinmlz,1,acnnmlz
senkapej-finish-plur-0,senkapej-finish-plur,dt2,0,detrz
senkapej-finish-plur-2,senkapej-finish-plur,plur2,2,plur
wajsape-burn-abs-nmlz-0,wajsape-burn-abs-nmlz,waj-burn,0,burn
wajsape-burn-abs-nmlz-1,wajsape-burn-abs-nmlz,sapenmlz,1,"abs,nmlz"
ijmojkase-cook-ptcp-0,ijmojkase-cook-ptcp,ijmojka-cook,0,cook
ijmojkase-cook-ptcp-1,ijmojkase-cook-ptcp,septcp,1,ptcp
ijmojkari-cook-acnnmlz-0,ijmojkari-cook-acnnmlz,ijmojka-cook,0,cook
ijmojkari-cook-acnnmlz-1,ijmojkari-cook-acnnmlz,rinmlz,1,acnnmlz
minteno-there-loc-nmlz-0,minteno-there-loc-nmlz,minte-there-loc,0,"there,loc"
minteno-there-loc-nmlz-1,minteno-there-loc-nmlz,nonmlz,1,nmlz
tuni-give-agtnmlz-0,tuni-give-agtnmlz,tu-give,0,give
tuni-give-agtnmlz-1,tuni-give-agtnmlz,ninmlz,1,agtnmlz
wejkapeti-fall-plur-0,wejkapeti-fall-plur,wejka-fall,0,fall
wejkapeti-fall-plur-1,wejkapeti-fall-plur,plur1,1,plur
yapejpo-grab-des-0,yapejpo-grab-des,yapej-grab,0,grab
yapejpo-grab-des-1,yapejpo-grab-des,podes,1,des
karasakemi-white-nmlz-0,karasakemi-white-nmlz,karasake-white,0,white
karasakemi-white-nmlz-1,karasakemi-white-nmlz,minmlz,1,nmlz
asakeno-two-nmlz-0,asakeno-two-nmlz,asake-two,0,two
asakeno-two-nmlz-1,asakeno-two-nmlz,nonmlz,1,nmlz
ipo-put-des-0,ipo-put-des,i-put,0,put
ipo-put-des-1,ipo-put-des,podes,1,des
semase-die-ptcp-0,semase-die-ptcp,sema-die,0,die
semase-die-ptcp-1,semase-die-ptcp,septcp,1,ptcp
tepej-go-plur-0,tepej-go-plur,te-go,0,go
tepej-go-plur-1,tepej-go-plur,plur2,1,plur
wepiri-come-acnnmlz-0,wepiri-come-acnnmlz,wepi-come,0,come
wepiri-come-acnnmlz-1,wepiri-come-acnnmlz,rinmlz,1,acnnmlz
winikiri-sleep-acnnmlz-0,winikiri-sleep-acnnmlz,winiki-sleep,0,sleep
winikiri-sleep-acnnmlz-1,winikiri-sleep-acnnmlz,rinmlz,1,acnnmlz
sejpejse-dream-ptcp-0,sejpejse-dream-ptcp,sej-dream,0,dream
sejpejse-dream-ptcp-1,sejpejse-dream-ptcp,plur2,1,plur
sejpejse-dream-ptcp-2,sejpejse-dream-ptcp,septcp,2,ptcp
sejpetiri-dream-acnnmlz-0,sejpetiri-dream-acnnmlz,sej-dream,0,dream
sejpetiri-dream-acnnmlz-1,sejpetiri-dream-acnnmlz,plur1,1,plur
sejpetiri-dream-acnnmlz-2,sejpetiri-dream-acnnmlz,rinmlz,2,acnnmlz
sojpase-take-out-ptcp-0,sojpase-take-out-ptcp,sojpa-take-out,0,take-out
sojpase-take-out-ptcp-1,sojpase-take-out-ptcp,septcp,1,ptcp
sematopo-die-circ-nmlz-0,sematopo-die-circ-nmlz,sema-die,0,die
sematopo-die-circ-nmlz-1,sematopo-die-circ-nmlz,toponmlz,1,"circ,nmlz"
wejkase-fall-ptcp-0,wejkase-fall-ptcp,wejka-fall,0,fall
wejkase-fall-ptcp-1,wejkase-fall-ptcp,septcp,1,ptcp
empampo-learn-des-0,empampo-learn-des,empam-learn,0,learn
empampo-learn-des-1,empampo-learn-des,podes,1,des
intojpe-see-purp-0,intojpe-see-purp,in-see,0,see
intojpe-see-purp-1,intojpe-see-purp,tojpepurp,1,purp
winijpo-sleep-des-0,winijpo-sleep-des,winij-sleep,0,sleep
winijpo-sleep-des-1,winijpo-sleep-des,podes,1,des
kuneri-cook-acnnmlz-0,kuneri-cook-acnnmlz,kune-cook,0,cook
kuneri-cook-acnnmlz-1,kuneri-cook-acnnmlz,rinmlz,1,acnnmlz
yojtopo-eat-starch-circ-nmlz-0,yojtopo-eat-starch-circ-nmlz,yoj-eat-starch,0,eat-starch
yojtopo-eat-starch-circ-nmlz-1,yojtopo-eat-starch-circ-nmlz,toponmlz,1,"circ,nmlz"
sukasemi-all-nmlz-0,sukasemi-all-nmlz,sukase-all,0,all-1
sukasemi-all-nmlz-1,sukasemi-all-nmlz,minmlz,1,nmlz
nankajpe-find-pst-acnnmlz-0,nankajpe-find-pst-acnnmlz,nanka-find,0,find
nankajpe-find-pst-acnnmlz-1,nankajpe-find-pst-acnnmlz,jpenmlz,1,"pst,acnnmlz"
yeniri-drink-acnnmlz-1-0,yeniri-drink-acnnmlz-1,yeni-drink-1,0,drink
yeniri-drink-acnnmlz-1-1,yeniri-drink-acnnmlz-1,rinmlz,1,acnnmlz
intane-see-cncs-0,intane-see-cncs,in-see,0,see
intane-see-cncs-1,intane-see-cncs,tanecncs,1,cncs
wejtetoj-go-down-circ-nmlz-0,wejtetoj-go-down-circ-nmlz,wejte-go-down,0,go-down
wejtetoj-go-down-circ-nmlz-1,wejtetoj-go-down-circ-nmlz,tojnmlz,1,"circ,nmlz"
senkatoj-finish-circ-nmlz-0,senkatoj-finish-circ-nmlz,dt2,0,detrz
senkatoj-finish-circ-nmlz-2,senkatoj-finish-circ-nmlz,tojnmlz,2,"circ,nmlz"
patakase-take-out-ptcp-1,patakase-take-out-ptcp,kavbz,1,"vbz,tr"
patakase-take-out-ptcp-2,patakase-take-out-ptcp,septcp,2,ptcp
keyetase-grow-ptcp-1,keyetase-grow-ptcp,tavbz,1,"vbz,intr"
keyetase-grow-ptcp-2,keyetase-grow-ptcp,septcp,2,ptcp
chijtoj-cop-circ-nmlz-0,chijtoj-cop-circ-nmlz,chij-cop,0,cop
chijtoj-cop-circ-nmlz-1,chijtoj-cop-circ-nmlz,tojnmlz,1,"circ,nmlz"
nemepeti-leave-plur-0,nemepeti-leave-plur,neme-leave,0,leave
nemepeti-leave-plur-1,nemepeti-leave-plur,plur1,1,plur
yujwapeti-burn-plur-0,yujwapeti-burn-plur,yujwa-burn,0,burn
yujwapeti-burn-plur-1,yujwapeti-burn-plur,plur1,1,plur
keyatapej-grow-plur-0,keyatapej-grow-plur,keya-think,0,think
keyatapej-grow-plur-1,keyatapej-grow-plur,tavbz,1,"vbz,intr"
keyatapej-grow-plur-2,keyatapej-grow-plur,plur2,2,plur
papapijke-father-dim-0,papapijke-father-dim,papa-father,0,father
papapijke-father-dim-1,papapijke-father-dim,pijkedim,1,dim
tesape-go-abs-nmlz-0,tesape-go-abs-nmlz,te-go,0,go
tesape-go-abs-nmlz-1,tesape-go-abs-nmlz,sapenmlz,1,"abs,nmlz"
yawankatoj-kill-circ-nmlz-0,yawankatoj-kill-circ-nmlz,yawanka-kill,0,kill
yawankatoj-kill-circ-nmlz-1,yawankatoj-kill-circ-nmlz,tojnmlz,1,"circ,nmlz"
yamanpej-make-plur-0,yamanpej-make-plur,yaman-make,0,make
yamanpej-make-plur-1,yamanpej-make-plur,plur2,1,plur
poyeno-above-nmlz-0,poyeno-above-nmlz,poye-above,0,above
poyeno-above-nmlz-1,poyeno-above-nmlz,nonmlz,1,nmlz
yenepepej-send-away-plur-0,yenepepej-send-away-plur,yenepe-send-away,0,send-away
yenepepej-send-away-plur-1,yenepepej-send-away-plur,plur2,1,plur
wejpej-come-plur-0,wejpej-come-plur,wej-come,0,come
wejpej-come-plur-1,wejpej-come-plur,plur2,1,plur
tampasape-become-angry-abs-nmlz-0,tampasape-become-angry-abs-nmlz,tampa-become-angry,0,become-angry
tampasape-become-angry-abs-nmlz-1,tampasape-become-angry-abs-nmlz,sapenmlz,1,"abs,nmlz"
winijtane-sleep-cncs-0,winijtane-sleep-cncs,winij-sleep,0,sleep
winijtane-sleep-cncs-1,winijtane-sleep-cncs,tanecncs,1,cncs
yawankapej-kill-plur-0,yawankapej-kill-plur,yawanka-kill,0,kill
yawankapej-kill-plur-1,yawankapej-kill-plur,plur2,1,plur
yaketepej-cut-plur-0,yaketepej-cut-plur,yakete-cut,0,cut
yaketepej-cut-plur-1,yaketepej-cut-plur,plur2,1,plur
inchaj-see-abs-nmlz-0,inchaj-see-abs-nmlz,in-see,0,see
inchaj-see-abs-nmlz-1,inchaj-see-abs-nmlz,chajnmlz,1,"abs,nmlz"
yawono-loc-nmlz-0,yawono-loc-nmlz,yawo-loc,0,loc
yawono-loc-nmlz-1,yawono-loc-nmlz,nonmlz,1,nmlz
yemese-eat-fruits-eggs-soup-ptcp-0,yemese-eat-fruits-eggs-soup-ptcp,yeme-eat-fruits-eggs-soup,0,eat-fruits-eggs-soup
yemese-eat-fruits-eggs-soup-ptcp-1,yemese-eat-fruits-eggs-soup-ptcp,septcp,1,ptcp
yemepo-eat-fruits-eggs-soup-des-0,yemepo-eat-fruits-eggs-soup-des,yeme-eat-fruits-eggs-soup,0,eat-fruits-eggs-soup
yemepo-eat-fruits-eggs-soup-des-1,yemepo-eat-fruits-eggs-soup-des,podes,1,des
nopan-good-nmlz-0,nopan-good-nmlz,nop-good,0,good
nopan-good-nmlz-1,nopan-good-nmlz,annmlz,1,nmlz
wetopo-kill-circ-nmlz-0,wetopo-kill-circ-nmlz,we-kill,0,kill
wetopo-kill-circ-nmlz-1,wetopo-kill-circ-nmlz,toponmlz,1,"circ,nmlz"
tapiremi-red-nmlz-0,tapiremi-red-nmlz,tapi-redness,0,redness
tapiremi-red-nmlz-1,tapiremi-red-nmlz,readvz,1,advz
tapiremi-red-nmlz-2,tapiremi-red-nmlz,minmlz,2,nmlz
winijsape-sleep-abs-nmlz-0,winijsape-sleep-abs-nmlz,winij-sleep,0,sleep
winijsape-sleep-abs-nmlz-1,winijsape-sleep-abs-nmlz,sapenmlz,1,"abs,nmlz"
apatakari-come-out-acnnmlz-0,apatakari-come-out-acnnmlz,dt4,0,detrz
apatakari-come-out-acnnmlz-2,apatakari-come-out-acnnmlz,kavbz,2,"vbz,tr"
apatakari-come-out-acnnmlz-3,apatakari-come-out-acnnmlz,rinmlz,3,acnnmlz
waraijtoke-husband-prop-0,waraijtoke-husband-prop,waraijto-husband,0,husband
waraijtoke-husband-prop-1,waraijtoke-husband-prop,keprop,1,prop
patakapeti-take-out-plur-1,patakapeti-take-out-plur,kavbz,1,"vbz,tr"
patakapeti-take-out-plur-2,patakapeti-take-out-plur,plur1,2,plur
esemapo-die-des-0,esemapo-die-des,esema-die,0,die
esemapo-die-des-1,esemapo-die-des,podes,1,des
semapo-die-des-0,semapo-die-des,sema-die,0,die
semapo-die-des-1,semapo-die-des,podes,1,des
nejtane-bring-cncs-0,nejtane-bring-cncs,nej-bring,0,bring
nejtane-bring-cncs-1,nejtane-bring-cncs,tanecncs,1,cncs
yanri-pick-up-acnnmlz-0,yanri-pick-up-acnnmlz,yan-pick-up,0,pick-up
yanri-pick-up-acnnmlz-1,yanri-pick-up-acnnmlz,rinmlz,1,acnnmlz
winijse-sleep-ptcp-0,winijse-sleep-ptcp,winij-sleep,0,sleep
winijse-sleep-ptcp-1,winijse-sleep-ptcp,septcp,1,ptcp
wurijyampijke-woman-dim-0,wurijyampijke-woman-dim,wurijyam-woman,0,woman
wurijyampijke-woman-dim-1,wurijyampijke-woman-dim,pijkedim,1,dim
naijpeti-do-plur-0,naijpeti-do-plur,naij-do,0,do
naijpeti-do-plur-1,naijpeti-do-plur,plur1,1,plur
ejwenakajpe-vomit-pst-acnnmlz-0,ejwenakajpe-vomit-pst-acnnmlz,dt1,0,detrz
ejwenakajpe-vomit-pst-acnnmlz-1,ejwenakajpe-vomit-pst-acnnmlz,wena-vomit,1,vomit
ejwenakajpe-vomit-pst-acnnmlz-2,ejwenakajpe-vomit-pst-acnnmlz,kavbz,2,"vbz,tr"
ejwenakajpe-vomit-pst-acnnmlz-3,ejwenakajpe-vomit-pst-acnnmlz,jpenmlz,3,"pst,acnnmlz"
inpeti-see-plur-0,inpeti-see-plur,in-see,0,see
inpeti-see-plur-1,inpeti-see-plur,plur1,1,plur
tipapej-go-in-group-plur-0,tipapej-go-in-group-plur,tipa-go-in-group,0,go-in-group
tipapej-go-in-group-plur-1,tipapej-go-in-group-plur,plur2,1,plur
mukuke-child-prop-0,mukuke-child-prop,muku-child,0,child
mukuke-child-prop-1,mukuke-child-prop,keprop,1,prop
karasakem-white-nmlz-0,karasakem-white-nmlz,karasake-white,0,white
karasakem-white-nmlz-1,karasakem-white-nmlz,mnmlz,1,nmlz
yenepo-eat-meat-des-0,yenepo-eat-meat-des,yene-eat-meat,0,eat-meat
yenepo-eat-meat-des-1,yenepo-eat-meat-des,podes,1,des
rokari-wash-acnnmlz-0,rokari-wash-acnnmlz,roka-wash,0,wash
rokari-wash-acnnmlz-1,rokari-wash-acnnmlz,rinmlz,1,acnnmlz
weretapej-arrive-plur-0,weretapej-arrive-plur,wereta-arrive,0,arrive
weretapej-arrive-plur-1,weretapej-arrive-plur,plur2,1,plur
weretari-arrive-acnnmlz-0,weretari-arrive-acnnmlz,wereta-arrive,0,arrive
weretari-arrive-acnnmlz-1,weretari-arrive-acnnmlz,rinmlz,1,acnnmlz
winijpej-sleep-plur-0,winijpej-sleep-plur,winij-sleep,0,sleep
winijpej-sleep-plur-1,winijpej-sleep-plur,plur2,1,plur
yantoj-pick-up-circ-nmlz-0,yantoj-pick-up-circ-nmlz,yan-pick-up,0,pick-up
yantoj-pick-up-circ-nmlz-1,yantoj-pick-up-circ-nmlz,tojnmlz,1,"circ,nmlz"
yamantane-make-cncs-0,yamantane-make-cncs,yaman-make,0,make
yamantane-make-cncs-1,yamantane-make-cncs,tanecncs,1,cncs
kamwiyajkase-change-ptcp-0,kamwiyajkase-change-ptcp,kamwiyajka-change,0,change
kamwiyajkase-change-ptcp-1,kamwiyajkase-change-ptcp,septcp,1,ptcp
tase-say-ptcp-0,tase-say-ptcp,ta-say,0,say
tase-say-ptcp-1,tase-say-ptcp,septcp,1,ptcp
atike-plot-of-cultivated-land-prop-0,atike-plot-of-cultivated-land-prop,ati-plot-of-cultivated-land,0,plot-of-cultivated-land
atike-plot-of-cultivated-land-prop-1,atike-plot-of-cultivated-land-prop,keprop,1,prop
wejteri-go-down-acnnmlz-0,wejteri-go-down-acnnmlz,wejte-go-down,0,go-down
wejteri-go-down-acnnmlz-1,wejteri-go-down-acnnmlz,rinmlz,1,acnnmlz
enujtane-go-up-cncs-0,enujtane-go-up-cncs,enuj-go-up,0,go-up
enujtane-go-up-cncs-1,enujtane-go-up-cncs,tanecncs,1,cncs
enukuri-go-up-acnnmlz-0,enukuri-go-up-acnnmlz,enuku-go-up,0,go-up
enukuri-go-up-acnnmlz-1,enukuri-go-up-acnnmlz,rinmlz,1,acnnmlz
esemapej-die-plur-0,esemapej-die-plur,esema-die,0,die
esemapej-die-plur-1,esemapej-die-plur,plur2,1,plur
ejpenakapeti-return-plur-0,ejpenakapeti-return-plur,dt1,0,detrz
ejpenakapeti-return-plur-1,ejpenakapeti-return-plur,penaka-return,1,return
ejpenakapeti-return-plur-2,ejpenakapeti-return-plur,plur1,2,plur
waimutane-speak-cncs-0,waimutane-speak-cncs,waimu-speak,0,speak
waimutane-speak-cncs-1,waimutane-speak-cncs,tanecncs,1,cncs
tetane-go-cncs-0,tetane-go-cncs,te-go,0,go
tetane-go-cncs-1,tetane-go-cncs,tanecncs,1,cncs
ejnemese-remain-ptcp-0,ejnemese-remain-ptcp,dt1,0,detrz
ejnemese-remain-ptcp-1,ejnemese-remain-ptcp,neme-leave,1,leave
ejnemese-remain-ptcp-2,ejnemese-remain-ptcp,septcp,2,ptcp
yampo-pick-up-des-0,yampo-pick-up-des,yam-pick-up,0,pick-up
yampo-pick-up-des-1,yampo-pick-up-des,podes,1,des
itatane-hear-cncs-0,itatane-hear-cncs,ita-hear,0,hear
itatane-hear-cncs-1,itatane-hear-cncs,tanecncs,1,cncs
wetane-kill-cncs-0,wetane-kill-cncs,we-kill,0,kill
wetane-kill-cncs-1,wetane-kill-cncs,tanecncs,1,cncs
wejkari-fall-acnnmlz-0,wejkari-fall-acnnmlz,wejka-fall,0,fall
wejkari-fall-acnnmlz-1,wejkari-fall-acnnmlz,rinmlz,1,acnnmlz
kamwiyajkapo-change-des-0,kamwiyajkapo-change-des,kamwiyajka-change,0,change
kamwiyajkapo-change-des-1,kamwiyajkapo-change-des,podes,1,des
yanepijke-mother-dim-0,yanepijke-mother-dim,yane-mother,0,mother
yanepijke-mother-dim-1,yanepijke-mother-dim,pijkedim,1,dim
tupo-give-des-0,tupo-give-des,tu-give,0,give
tupo-give-des-1,tupo-give-des,podes,1,des
asamori-cry-acnnmlz-0,asamori-cry-acnnmlz,asamo-cry,0,cry
asamori-cry-acnnmlz-1,asamori-cry-acnnmlz,rinmlz,1,acnnmlz
teijpono-far-nmlz-1-0,teijpono-far-nmlz-1,teijpo-far,0,far
teijpono-far-nmlz-1-1,teijpono-far-nmlz-1,nonmlz,1,nmlz
tarori-say-acnnmlz-0,tarori-say-acnnmlz,taro-say,0,say
tarori-say-acnnmlz-1,tarori-say-acnnmlz,rinmlz,1,acnnmlz
tojpapej-hit-plur-0,tojpapej-hit-plur,tojpa-hit,0,hit
tojpapej-hit-plur-1,tojpapej-hit-plur,plur2,1,plur
yansape-pick-up-abs-nmlz-0,yansape-pick-up-abs-nmlz,yan-pick-up,0,pick-up
yansape-pick-up-abs-nmlz-1,yansape-pick-up-abs-nmlz,sapenmlz,1,"abs,nmlz"
yakaramasape-tell-abs-nmlz-0,yakaramasape-tell-abs-nmlz,yakara-believe,0,believe
yakaramasape-tell-abs-nmlz-1,yakaramasape-tell-abs-nmlz,macaus,1,caus
yakaramasape-tell-abs-nmlz-2,yakaramasape-tell-abs-nmlz,sapenmlz,2,"abs,nmlz"
pojteni-want-agtnmlz-0,pojteni-want-agtnmlz,pojte-want,0,want
pojteni-want-agtnmlz-1,pojteni-want-agtnmlz,ninmlz,1,agtnmlz
yawankase-kill-ptcp-0,yawankase-kill-ptcp,yawanka-kill,0,kill
yawankase-kill-ptcp-1,yawankase-kill-ptcp,septcp,1,ptcp
warotapo-work-des-0,warotapo-work-des,warota-work,0,work
warotapo-work-des-1,warotapo-work-des,podes,1,des
mujnajtese-bury-ptcp-0,mujnajtese-bury-ptcp,mujna-grave,0,grave
mujnajtese-bury-ptcp-1,mujnajtese-bury-ptcp,jtevbz,1,"vbz,tr"
mujnajtese-bury-ptcp-2,mujnajtese-bury-ptcp,septcp,2,ptcp
wejpeti-come-plur-0,wejpeti-come-plur,wej-come,0,come
wejpeti-come-plur-1,wejpeti-come-plur,plur1,1,plur
senkane-finish-inf-0,senkane-finish-inf,dt2,0,detrz
senkane-finish-inf-2,senkane-finish-inf,neinf,2,inf
wejkatopo-fall-circ-nmlz-0,wejkatopo-fall-circ-nmlz,wejka-fall,0,fall
wejkatopo-fall-circ-nmlz-1,wejkatopo-fall-circ-nmlz,toponmlz,1,"circ,nmlz"
waimune-speak-inf-0,waimune-speak-inf,waimu-speak,0,speak
waimune-speak-inf-1,waimune-speak-inf,neinf,1,inf
semone-cry-inf-0,semone-cry-inf,semo-cry,0,cry
semone-cry-inf-1,semone-cry-inf,neinf,1,inf
ipej-put-plur-0,ipej-put-plur,i-put,0,put
ipej-put-plur-1,ipej-put-plur,plur2,1,plur
tapari-beat-acnnmlz-0,tapari-beat-acnnmlz,tapa-beat,0,beat
tapari-beat-acnnmlz-1,tapari-beat-acnnmlz,rinmlz,1,acnnmlz
itapej-hear-plur-0,itapej-hear-plur,ita-hear,0,hear
itapej-hear-plur-1,itapej-hear-plur,plur2,1,plur
ise-put-ptcp-0,ise-put-ptcp,i-put,0,put
ise-put-ptcp-1,ise-put-ptcp,septcp,1,ptcp
itajpe-hear-pst-acnnmlz-0,itajpe-hear-pst-acnnmlz,ita-hear,0,hear
itajpe-hear-pst-acnnmlz-1,itajpe-hear-pst-acnnmlz,jpenmlz,1,"pst,acnnmlz"
yarepej-bring-plur-0,yarepej-bring-plur,yare-bring,0,bring
yarepej-bring-plur-1,yarepej-bring-plur,plur2,1,plur
wenkejne-forget-inf-0,wenkejne-forget-inf,wenkej-forget,0,forget
wenkejne-forget-inf-1,wenkejne-forget-inf,neinf,1,inf
yapejpeti-grab-plur-0,yapejpeti-grab-plur,yapej-grab,0,grab
yapejpeti-grab-plur-1,yapejpeti-grab-plur,plur1,1,plur
semopej-cry-plur-0,semopej-cry-plur,semo-cry,0,cry
semopej-cry-plur-1,semopej-cry-plur,plur2,1,plur
tetopo-go-circ-nmlz-0,tetopo-go-circ-nmlz,te-go,0,go
tetopo-go-circ-nmlz-1,tetopo-go-circ-nmlz,toponmlz,1,"circ,nmlz"
kaimotatopo-hunt-circ-nmlz-0,kaimotatopo-hunt-circ-nmlz,kaimo-game,0,game
kaimotatopo-hunt-circ-nmlz-1,kaimotatopo-hunt-circ-nmlz,tavbz,1,"vbz,intr"
kaimotatopo-hunt-circ-nmlz-2,kaimotatopo-hunt-circ-nmlz,toponmlz,2,"circ,nmlz"
yewukuri-answer-acnnmlz-0,yewukuri-answer-acnnmlz,yewuku-answer,0,answer
yewukuri-answer-acnnmlz-1,yewukuri-answer-acnnmlz,rinmlz,1,acnnmlz
epese-escape-ptcp-0,epese-escape-ptcp,epe-escape,0,escape
epese-escape-ptcp-1,epese-escape-ptcp,septcp,1,ptcp
enirom-now-nmlz-0,enirom-now-nmlz,eniro-now,0,now
enirom-now-nmlz-1,enirom-now-nmlz,mnmlz,1,nmlz
semekiri-defend-acnnmlz-0,semekiri-defend-acnnmlz,semeki-defend,0,defend
semekiri-defend-acnnmlz-1,semekiri-defend-acnnmlz,rinmlz,1,acnnmlz
sempinujsape-close-eyes-abs-nmlz-0,sempinujsape-close-eyes-abs-nmlz,sempinuj-close-eyes,0,close-eyes
sempinujsape-close-eyes-abs-nmlz-1,sempinujsape-close-eyes-abs-nmlz,sapenmlz,1,"abs,nmlz"
sempinujtopo-close-eyes-circ-nmlz-0,sempinujtopo-close-eyes-circ-nmlz,sempinuj-close-eyes,0,close-eyes
sempinujtopo-close-eyes-circ-nmlz-1,sempinujtopo-close-eyes-circ-nmlz,toponmlz,1,"circ,nmlz"
wintikari-disappear-acnnmlz-0,wintikari-disappear-acnnmlz,wintika-disappear,0,disappear
wintikari-disappear-acnnmlz-1,wintikari-disappear-acnnmlz,rinmlz,1,acnnmlz
yamaneri-make-acnnmlz-0,yamaneri-make-acnnmlz,yamane-make,0,make
yamaneri-make-acnnmlz-1,yamaneri-make-acnnmlz,rinmlz,1,acnnmlz
yojmatopo-mix-circ-nmlz-0,yojmatopo-mix-circ-nmlz,yojma-mix,0,mix
yojmatopo-mix-circ-nmlz-1,yojmatopo-mix-circ-nmlz,toponmlz,1,"circ,nmlz"
kerepijke-old-dim-0,kerepijke-old-dim,kere-old,0,old
kerepijke-old-dim-1,kerepijke-old-dim,pijkedim,1,dim
yateno-loc-nmlz-0,yateno-loc-nmlz,yate-loc,0,loc
yateno-loc-nmlz-1,yateno-loc-nmlz,nonmlz,1,nmlz
yemetopo-eat-fruits-eggs-soup-circ-nmlz-0,yemetopo-eat-fruits-eggs-soup-circ-nmlz,yeme-eat-fruits-eggs-soup,0,eat-fruits-eggs-soup
yemetopo-eat-fruits-eggs-soup-circ-nmlz-1,yemetopo-eat-fruits-eggs-soup-circ-nmlz,toponmlz,1,"circ,nmlz"
yamanetane-make-cncs-0,yamanetane-make-cncs,yamane-make,0,make
yamanetane-make-cncs-1,yamanetane-make-cncs,tanecncs,1,cncs
yempekapo-offend-des-0,yempekapo-offend-des,yempeka-offend,0,offend
yempekapo-offend-des-1,yempekapo-offend-des,podes,1,des
empamiri-learn-acnnmlz-0,empamiri-learn-acnnmlz,empami-learn,0,learn
empamiri-learn-acnnmlz-1,empamiri-learn-acnnmlz,rinmlz,1,acnnmlz
wenkejsape-forget-abs-nmlz-0,wenkejsape-forget-abs-nmlz,wenkej-forget,0,forget
wenkejsape-forget-abs-nmlz-1,wenkejsape-forget-abs-nmlz,sapenmlz,1,"abs,nmlz"
wintikapej-disappear-plur-0,wintikapej-disappear-plur,wintika-disappear,0,disappear
wintikapej-disappear-plur-1,wintikapej-disappear-plur,plur2,1,plur
waimurunpej-speak-plur-0,waimurunpej-speak-plur,waimurun-speak,0,speak
waimurunpej-speak-plur-1,waimurunpej-speak-plur,plur2,1,plur
waimupo-speak-des-0,waimupo-speak-des,waimu-speak,0,speak
waimupo-speak-des-1,waimupo-speak-des,podes,1,des
yareni-bring-agtnmlz-0,yareni-bring-agtnmlz,yare-bring,0,bring
yareni-bring-agtnmlz-1,yareni-bring-agtnmlz,ninmlz,1,agtnmlz
sopikase-skin-ptcp-0,sopikase-skin-ptcp,sopika-skin,0,skin
sopikase-skin-ptcp-1,sopikase-skin-ptcp,septcp,1,ptcp
wontoj-enter-circ-nmlz-0,wontoj-enter-circ-nmlz,won-enter,0,enter
wontoj-enter-circ-nmlz-1,wontoj-enter-circ-nmlz,tojnmlz,1,"circ,nmlz"
yareri-bring-acnnmlz-0,yareri-bring-acnnmlz,yare-bring,0,bring
yareri-bring-acnnmlz-1,yareri-bring-acnnmlz,rinmlz,1,acnnmlz
yojri-eat-starch-acnnmlz-0,yojri-eat-starch-acnnmlz,yoj-eat-starch,0,eat-starch
yojri-eat-starch-acnnmlz-1,yojri-eat-starch-acnnmlz,rinmlz,1,acnnmlz
ajpachike-undergrowth-prop-0,ajpachike-undergrowth-prop,ajpachi-undergrowth,0,undergrowth
ajpachike-undergrowth-prop-1,ajpachike-undergrowth-prop,keprop,1,prop
nejpeti-bring-plur-0,nejpeti-bring-plur,nej-bring,0,bring
nejpeti-bring-plur-1,nejpeti-bring-plur,plur1,1,plur
