ID,Language_ID,Name,Lexeme_ID,Parameter_ID,Morpho_Segments,Segments,Comment,Source,Part_Of_Speech
achi-wilderness,yab,achi,achi-wilderness,wilderness,achi,a t͡ʃ i,,,
aijkorono-recovered,yab,aijkorono,aijkorono-recovered,recovered,aijkorono,a i h k o r o n o,,,
ajpachi-undergrowth,yab,ajpachi,ajpachi-undergrowth,undergrowth,ajpachi,a h p a t͡ʃ i,,,
aki-worm,yab,akï,aki-worm,worm; maggot,akï,a k ɨ,,,
amu-ripeness,yab,amu,amu-ripeness,ripeness,amu,a m u,,,
ami-unidentified-plant,yab,amï,ami-unidentified-plant,unidentified_plant,amï,a m ɨ,,,
ana-1-3pro,yab,ana,ana-1-3pro,1+3PRO,ana,a n a,,,
anoto-annatto,yab,anoto,anoto-annatto,annatto,anoto,a n o t o,,,
anta-island,yab,anta,anta-island,island,anta,a n t a,,,
ante-fish-hook,yab,antë,ante-fish-hook,fish_hook,antë,a n t ə,,,
api-ripeness,yab,api,api-ripeness,ripeness,api,a p i,,,
apo-later,yab,apo,apo-later,later; meanwhile,apo,a p o,,,
apuni-soap,yab,apuni,apuni-soap,soap,apuni,a p u n i,,,
arajmate-dangerous,yab,arajmatë,arajmate-dangerous,dangerous,arajmatë,a r a h m a t ə,,,
arina-trembler,yab,arina,arina-trembler,trembler,arina,a r i n a,,,
aro-rice,yab,aro,aro-rice,rice,aro,a r o,,,
aroma-limpet,yab,aroma,aroma-limpet,limpet,aroma,a r o m a,,,
aropoko-ball-game,yab,aropoko,aropoko-ball-game,ball_game,aropoko,a r o p o k o,,,
asakontompene-four,yab,asakontompene,asakontompene-four,four,asakontompene,a s a k o n t o m p e n e,,,
asake-two,yab,asakë,asake-two,two,asakë,a s a k ə,,,
asere-dry-cough,yab,asere,asere-dry-cough,dry_cough,asere,a s e r e,,,
asuka-sugar,yab,asuka,asuka-sugar,sugar,asuka,a s u k a,,,
ati-plot-of-cultivated-land,yab,ati,ati-plot-of-cultivated-land,plot_of_cultivated_land,ati,a t i,,,
ati-plot-of-cultivated-land-1,yab,atï,ati-plot-of-cultivated-land,plot_of_cultivated_land,atï,a t ɨ,,,
awochi-tumor,yab,awochi,awochi-tumor,tumor,awochi,a w o t͡ʃ i,,,
chijchipu-body-movement,yab,chijchipu,chijchipu-body-movement,body_movement,chijchipu,t͡ʃ i h t͡ʃ i p u,,,
chika-bite,yab,chika,chika-bite,bite,chika,t͡ʃ i k a,,,
chike-chigger,yab,chikë,chike-chigger,chigger,chikë,t͡ʃ i k ə,,,
chima-path,yab,chima,chima-path,path,chima,t͡ʃ i m a,,,
chimichimi-worm-dog,yab,chimichimi,chimichimi-worm-dog,worm(dog),chimichimi,t͡ʃ i m i t͡ʃ i m i,,,
chipiyu-fungus-sp,yab,chipiyu,chipiyu-fungus-sp,fungus.sp,chipiyu,t͡ʃ i p i j u,,,
chiramu-mange,yab,chiramu,chiramu-mange,mange,chiramu,t͡ʃ i r a m u,,,
chirike-star,yab,chirikë,chirike-star,star,chirikë,t͡ʃ i r i k ə,,,
chiri-titi-monkey,yab,chiri,chiri-titi-monkey,titi_monkey,chiri,t͡ʃ i r i,,,
chiri-wild-pineapple,yab,chiri,chiri-wild-pineapple,wild_pineapple,chiri,t͡ʃ i r i,,,
chiyakono-friend,yab,chiyakono,chiyakono-friend,friend,chiyakono,t͡ʃ i j a k o n o,,,
chiyakon-friend,yab,chiyakon,chiyakono-friend,friend,chiyakon,t͡ʃ i j a k o n,,,
chiyakom-friend,yab,chiyakom,chiyakono-friend,friend,chiyakom,t͡ʃ i j a k o m,,,
chekey-nit,yab,chëkëy,chekey-nit,nit,chëkëy,t͡ʃ ə k ə j,,,
ejne-1-2pro,yab,ejnë,ejne-1-2pro,1+2PRO,ejnë,e h n ə,,,
enijpete-one,yab,enijpëtë,enijpete-one,one,enijpëtë,e n i h p ə t ə,,,
enire-now,yab,enirë,enire-now,now; today,enirë,e n i r ə,,,
eniro-now,yab,eniro,enire-now,now; today,eniro,e n i r o,,,
entono-from-here,yab,entono,entono-from-here,from_here,entono,e n t o n o,,,
ente-here-loc,yab,entë,ente-here-loc,here.LOC,entë,e n t ə,,,
epe-escape,yab,epe,epe-escape,escape; hide_and_seek,epe,e p e,,,
eretapi-cultivated-plant,yab,eretapi,eretapi-cultivated-plant,cultivated_plant,eretapi,e r e t a p i,,,
ewine-here-all,yab,ewinë,ewine-here-all,here.ALL,ewinë,e w i n ə,,,
ijmoy-egg,yab,ijmoy,ijmoy-egg,egg,ijmoy,i h m o j,,,
ijpu-summit,yab,ijpu,ijpu-summit,summit,ijpu,i h p u,,,
inawe-have,yab,inawë,inawe-have,have,inawë,i n a w ə,,,
ini-see,yab,ini,ini-see,see,ini,i n i,,,
in-see,yab,in,ini-see,see,in,i n,,,
ene-see,yab,ene,ini-see,see,ene,e n e,,,
intipijke-small,yab,intipijkë,intipijke-small,small,intipijkë,i n t i p i h k ə,? + [](MorphsetTable#cldf:pijkedim),,
iriyawe-then,yab,iriyawë,iriyawe-then,then,iriyawë,i r i j a w ə,,,
irejpe-then,yab,irëjpë,irejpe-then,then,irëjpë,i r ə h p ə,,,
ita-hear,yab,ita,ita-hear,hear,ita,i t a,,,
iyajtepe-before,yab,iyajtëpe,iyajtepe-before,before,iyajtëpe,i j a h t ə p e,,,
iyajte-care-for,yab,iyajtë,iyajte-care-for,care_for,iyajtë,i j a h t ə,,,
jta-foot,yab,jta,jta-foot,foot,jta,h t a,,,
jwaka-ill-aq,yab,jwaka,jwaka-ill-aq,ILL.AQ; LOC.AQ,jwaka,h w a k a,,,
kaimo-game,yab,kaimo,kaimo-game,game,kaimo,k a i m o,,,
kamere-lightning,yab,kamere,kamere-lightning,lightning,kamere,k a m e r e,,,
kampara-big,yab,kampara,kampara-big,big,kampara,k a m p a r a,,,
kampra-big,yab,kampra,kampara-big,big,kampra,k a m p r a,,,
kamwiyajka-change,yab,kamwiyajka,kamwiyajka-change,change,kamwiyajka,k a m w i j a h k a,,,
kapau-dasypus-novemcinctus,yab,kapau,kapau-dasypus-novemcinctus,dasypus_novemcinctus,kapau,k a p a u,,,
karasake-white,yab,karasake,karasake-white,white,karasake,k a r a s a k e,Probably contains [mp](keprop).,,
ka-take-out,yab,ka,ka-take-out,take_out,ka,k a,,,
kasajpe-fruit-pit,yab,kasajpë,kasajpe-fruit-pit,fruit_pit,kasajpë,k a s a h p ə,,,
kaso-fat,yab,kaso,kaso-fat,fat,kaso,k a s o,,,
kawono-high,yab,kawono,kawono-high,high,kawono,k a w o n o,,,
kawon-high,yab,kawon,kawono-high,high,kawon,k a w o n,,,
kawe-high,yab,kawë,kawe-high,high,kawë,k a w ə,,,
kayami-louse,yab,kayamï,kayami-louse,louse,kayamï,k a j a m ɨ,,,
kaya-barbasco,yab,kaya,kaya-barbasco,barbasco,kaya,k a j a,,,
kaya-gourd,yab,kaya,kaya-gourd,gourd,kaya,k a j a,,,
kejkepe-salamander,yab,kejkepe,kejkepe-salamander,salamander,kejkepe,k e h k e p e,,,
kinta-become-tired,yab,kinta,kinta-become-tired,become_tired,kinta,k i n t a,,,
kocha-tail,yab,kocha,kocha-tail,tail,kocha,k o t͡ʃ a,,,
kojpa-night,yab,kojpa,kojpa-night,night,kojpa,k o h p a,,,
konopo-rain,yab,konopo,konopo-rain,rain,konopo,k o n o p o,,,
ko-brassolis-sophorae,yab,ko,ko-brassolis-sophorae,brassolis_sophorae,ko,k o,,,
kori-brassolis-sophorae,yab,korï,ko-brassolis-sophorae,brassolis_sophorae,korï,k o r ɨ,,,
korokoro-c,yab,korokoro,korokoro-c,C.,korokoro,k o r o k o r o,,,
kuku-answer,yab,kuku,kuku-answer,answer,kuku,k u k u,,,
kune-cook,yab,kunë,kune-cook,cook,kunë,k u n ə,,,
kuno-cook,yab,kuno,kune-cook,cook,kuno,k u n o,,,
kuru-prochilodus-mariae,yab,kuru,kuru-prochilodus-mariae,prochilodus_mariae,kuru,k u r u,,,
kuruwa-coroba-palm,yab,kuruwa,kuruwa-coroba-palm,coroba_palm,kuruwa,k u r u w a,,,
kuya-tree-sp,yab,kuya,kuya-tree-sp,tree.sp,kuya,k u j a,,,
kuyuwi-bird-sp,yab,kuyuwi,kuyuwi-bird-sp,bird.sp,kuyuwi,k u j u w i,,,
kejma-hunt,yab,këjma,kejma-hunt,hunt,këjma,k ə h m a,,,
kemu-pus,yab,këmu,kemu-pus,pus,këmu,k ə m u,,,
keta-stink,yab,këta,keta-stink,stink,këta,k ə t a,,,
ketejwate-cotton,yab,këtëjwatë,ketejwate-cotton,cotton,këtëjwatë,k ə t ə h w a t ə,,,
keya-think,yab,këya,keya-think,think,këya,k ə j a,,,
kimiy-chili,yab,kïmïy,kimiy-chili,chili,kïmïy,k ɨ m ɨ j,,,
kimii-chili,yab,kïmïi,kimiy-chili,chili,kïmïi,k ɨ m ɨ i,,,
kiripi-go-out,yab,kïrïpï,kiripi-go-out,go_out,kïrïpï,k ɨ r ɨ p ɨ,,,
majawa-m,yab,majawa,majawa-m,M.,majawa,m a h a w a,,,
majpe-m,yab,majpë,majpe-m,M.,majpë,m a h p ə,,,
maka-ceiba-pentandra,yab,maka,maka-ceiba-pentandra,ceiba_pentandra,maka,m a k a,,,
makarike-cayman,yab,makarikë,makarike-cayman,cayman,makarikë,m a k a r i k ə,,,
makuyupi-catfish-sp,yab,makuyupi,makuyupi-catfish-sp,catfish.sp,makuyupi,m a k u j u p i,,,
make-mom,yab,makë,make-mom,mom,makë,m a k ə,,,
mapara-chicken,yab,mapara,mapara-chicken,chicken,mapara,m a p a r a,,,
mare-still,yab,marë,mare-still,still,marë,m a r ə,,,
mare-still-1,yab,mare,mare-still,still,mare,m a r e,,,
mati-breast,yab,mati,mati-breast,breast,mati,m a t i,,,
mayawaka-m,yab,mayawaka,mayawaka-m,M.,mayawaka,m a j a w a k a,,,
mejya-cover,yab,mejya,mejya-cover,cover,mejya,m e h j a,,,
miti-root,yab,miti,miti-root,root; vein,miti,m i t i,,,
mone-vagina,yab,mone,mone-vagina,vagina,mone,m o n e,,,
moneka-girl-voc,yab,moneka,moneka-girl-voc,girl.VOC,moneka,m o n e k a,,,
monkontomo-2pl-pro,yab,monkontomo,monkontomo-2pl-pro,2PL.PRO,monkontomo,m o n k o n t o m o,,,
mokontomo-2pl-pro,yab,mokontomo,monkontomo-2pl-pro,2PL.PRO,mokontomo,m o k o n t o m o,,,
mekontomo-2pl-pro,yab,mëkontomo,monkontomo-2pl-pro,2PL.PRO,mëkontomo,m ə k o n t o m o,,,
montomo-2pl-pro,yab,montomo,monkontomo-2pl-pro,2PL.PRO,montomo,m o n t o m o,,,
mokontom-2pl-pro,yab,mokontom,monkontomo-2pl-pro,2PL.PRO,mokontom,m o k o n t o m,,,
mokonton-2pl-pro,yab,mokonton,monkontomo-2pl-pro,2PL.PRO,mokonton,m o k o n t o n,,,
moroko-fish,yab,moroko,moroko-fish,fish,moroko,m o r o k o,,,
morone-hurting,yab,morone,morone-hurting,hurting,morone,m o r o n e,,,
moroni-pain,yab,moroni,moroni-pain,pain,moroni,m o r o n i,,,
moron-pain,yab,moron,moroni-pain,pain,moron,m o r o n,,,
morono-poison,yab,morono,morono-poison,poison,morono,m o r o n o,,,
moto-worm,yab,moto,moto-worm,worm,moto,m o t o,,,
moyochi-spider-sp,yab,moyochi,moyochi-spider-sp,spider(sp.),moyochi,m o j o t͡ʃ i,,,
mujna-grave,yab,mujna,mujna-grave,grave,mujna,m u h n a,,,
mujyane-pregnancy,yab,mujyanë,mujyane-pregnancy,pregnancy,mujyanë,m u h j a n ə,,,
mujyam-pregnancy,yab,mujyam,mujyane-pregnancy,pregnancy,mujyam,m u h j a m,,,
muku-child,yab,muku,muku-child,child,muku,m u k u,,,
mune-bulbous,yab,mune,mune-bulbous,bulbous,mune,m u n e,,,
munta-budding,yab,munta,munta-budding,budding,munta,m u n t a,,,
mejki-dist-anim,yab,mëjkï,mejki-dist-anim,DIST.ANIM,mëjkï,m ə h k ɨ,,,
mere-2pro,yab,mërë,mere-2pro,2PRO,mërë,m ə r ə,,,
mijna-there-all,yab,mïjna,mijna-there-all,there.ALL,mïjna,m ɨ h n a,,,
minte-there-loc,yab,mïntë,minte-there-loc,there.LOC,mïntë,m ɨ n t ə,,,
mira-priodontes-maximus,yab,mïra,mira-priodontes-maximus,priodontes_maximus,mïra,m ɨ r a,,,
nai-do,yab,nai,nai-do,do,nai,n a i,,,
najmo-grandmother,yab,najmo,najmo-grandmother,grandmother,najmo,n a h m o,,,
najpi-grandfather,yab,najpï,najpi-grandfather,grandfather,najpï,n a h p ɨ,,,
najwata-harbor,yab,najwata,najwata-harbor,harbor,najwata,n a h w a t a,,,
naki-thirst,yab,naki,naki-thirst,thirst,naki,n a k i,,,
nata-door,yab,nata,nata-door,door,nata,n a t a,,,
nepi-bring,yab,nepï,nepi-bring,bring,nepï,n e p ɨ,,,
nej-bring,yab,nej,nepi-bring,bring,nej,n e h,,,
nono-earth,yab,nono,nono-earth,earth,nono,n o n o,,,
nope-good,yab,nope,nope-good,good,nope,n o p e,,,
nop-good,yab,nop,nope-good,good,nop,n o p,,,
noro-parrot-sp,yab,noro,noro-parrot-sp,parrot.sp,noro,n o r o,,,
noti-potential-partner,yab,noti,noti-potential-partner,potential_partner; cross_cousin,noti,n o t i,,,
nta-mouth,yab,nta,nta-mouth,mouth,nta,n t a,,,
nune-moon,yab,nunë,nune-moon,moon,nunë,n u n ə,,,
nu-tongue,yab,nu,nu-tongue,tongue,nu,n u,,,
nwajte-dance,yab,nwajtë,nwajte-dance,dance,nwajtë,n w a h t ə,,,
wajte-dance,yab,wajtë,nwajte-dance,dance,wajtë,w a h t ə,,,
neme-leave,yab,nëmë,neme-leave,leave,nëmë,n ə m ə,,,
ochi-o,yab,ochi,ochi-o,O.,ochi,o t͡ʃ i,,,
ojpa-give-drink,yab,ojpa,ojpa-give-drink,give_drink,ojpa,o h p a,,,
onono-another,yab,onono,onono-another,another,onono,o n o n o,,,
orojyamo-evil-being,yab,orojyamo,orojyamo-evil-being,evil_being,orojyamo,o r o h j a m o,,,
pachi-older-sister-of-woman,yab,pachi,pachi-older-sister-of-woman,older_sister_of_woman,pachi,p a t͡ʃ i,,,
paijku-p,yab,paijku,paijku-p,P.,paijku,p a i h k u,,,
paka-cow,yab,paka,paka-cow,cow,paka,p a k a,,,
pakara-basket,yab,pakara,pakara-basket,basket,pakara,p a k a r a,,,
pakura-coix-lacryma-jobi,yab,pakura,pakura-coix-lacryma-jobi,Coix_lacryma_jobi,pakura,p a k u r a,,,
paku-arrow-tip,yab,paku,paku-arrow-tip,arrow_tip,paku,p a k u,,,
pana-ear,yab,pana,pana-ear,ear,pana,p a n a,,,
pana-dat,yab,pana,pana-dat,DAT,pana,p a n a,,,
papa-father,yab,papa,papa-father,father,papa,p a p a,,,
parujpe-broth,yab,parujpë,parujpe-broth,broth,parujpë,p a r u h p ə,,,
pata-village,yab,pata,pata-village,village,pata,p a t a,,,
pata-axe,yab,pata,pata-axe,axe,pata,p a t a,,,
pate-cross,yab,patë,pate-cross,cross,patë,p a t ə,,,
penare-before,yab,penarë,penare-before,before,penarë,p e n a r ə,,,
pene-piranha,yab,pene,pene-piranha,piranha,pene,p e n e,,,
pepoye-above-perl,yab,pepoye,pepoye-above-perl,above.PERL,pepoye,p e p o j e,,,
pe-palm-sp,yab,pe,pe-palm-sp,palm.sp,pe,p e,,,
peti-leg,yab,peti,peti-leg,leg,peti,p e t i,,,
peye-turtle-sp,yab,peye,peye-turtle-sp,turtle.sp,peye,p e j e,,,
picha-capuchin-monkey,yab,picha,picha-capuchin-monkey,capuchin_monkey,picha,p i t͡ʃ a,,,
pichipichi-whitebait,yab,pichipichi,pichipichi-whitebait,whitebait,pichipichi,p i t͡ʃ i p i t͡ʃ i,,,
pijpe-skin,yab,pijpë,pijpe-skin,skin,pijpë,p i h p ə,,,
pika-peel,yab,pika,pika-peel,peel,pika,p i k a,,,
pike-fart,yab,pikë,pike-fart,fart,pikë,p i k ə,,,
pipi-younger-brother-of-woman,yab,pipi,pipi-younger-brother-of-woman,younger_brother_of_woman,pipi,p i p i,,,
pirini-walk,yab,pirini,pirini-walk,walk,pirini,p i r i n i,,,
pirini-walk-1,yab,pïrini,pirini-walk,walk,pïrini,p ɨ r i n i,,,
pojte-want,yab,pojtë,pojte-want,want,pojtë,p o h t ə,,,
poroko-basket-sp,yab,poroko,poroko-basket-sp,basket.sp,poroko,p o r o k o,,,
poseti-belly,yab,poseti,poseti-belly,belly,poseti,p o s e t i,,,
pota-mouth,yab,pota,pota-mouth,mouth; shore,pota,p o t a,,,
poye-above,yab,poye,poye-above,above,poye,p o j e,,,
punu-flesh,yab,punu,punu-flesh,flesh,punu,p u n u,,,
pun-flesh,yab,pun,punu-flesh,flesh,pun,p u n,,,
putu-feel,yab,putu,putu-feel,feel,putu,p u t u,,,
peke-about,yab,pëkë,peke-about,about,pëkë,p ə k ə,,,
poko-about,yab,poko,peke-about,about,poko,p o k o,,,
penaka-return,yab,pënaka,penaka-return,return,pënaka,p ə n a k a,Maybe derived with [mp](kavbz).,,
pimi-neck,yab,pïmï,pimi-neck,neck,pïmï,p ɨ m ɨ,,,
pirika-endure,yab,pïrïka,pirika-endure,endure,pïrïka,p ɨ r ɨ k a,,,
roka-wash,yab,roka,roka-wash,wash,roka,r o k a,,,
roko-crazy,yab,roko,roko-crazy,crazy,roko,r o k o,,,
romoye-downriver,yab,romoye,romoye-downriver,downriver,romoye,r o m o j e,,,
rotoro-doctor,yab,rotoro,rotoro-doctor,doctor,rotoro,r o t o r o,,,
rui-older-brother,yab,rui,rui-older-brother,older_brother,rui,r u i,,,
sai-penis,yab,sai,sai-penis,penis,sai,s a i,,,
sakara-hoplias-malabaricus,yab,sakara,sakara-hoplias-malabaricus,hoplias_malabaricus,sakara,s a k a r a,,,
sakau-sand,yab,sakau,sakau-sand,sand,sakau,s a k a u,,,
saku-sweet-potato,yab,saku,saku-sweet-potato,sweet_potato,saku,s a k u,,,
samo-cry,yab,samo,samo-cry,cry,samo,s a m o,,,
semo-cry,yab,sëmo,samo-cry,cry,sëmo,s ə m o,,,
asamo-cry,yab,asamo,samo-cry,cry,asamo,a s a m o,,,
sampu-black-piranha,yab,sampu,sampu-black-piranha,black_piranha,sampu,s a m p u,,,
sapara-heavy-pot,yab,sapara,sapara-heavy-pot,heavy_pot,sapara,s a p a r a,,,
sare-here-all,yab,sarë,sare-here-all,here.ALL,sarë,s a r ə,,,
sawo-rapids,yab,sawo,sawo-rapids,rapids,sawo,s a w o,,,
sepami-get-married,yab,sepamï,sepami-get-married,get_married,sepamï,s e p a m ɨ,,,
sepan-get-married,yab,sepan,sepami-get-married,get_married,sepan,s e p a n,,,
sere-bitter-manioc,yab,sere,sere-bitter-manioc,bitter_manioc,sere,s e r e,,,
sojpa-take-out,yab,sojpa,sojpa-take-out,take_out,sojpa,s o h p a,,,
sopika-skin,yab,sopika,sopika-skin,skin,sopika,s o p i k a,,,
sukase-all,yab,sukase,sukase-all,all,sukase,s u k a s e,,,
sukutaka-yucuta,yab,sukutaka,sukutaka-yucuta,yucuta,sukutaka,s u k u t a k a,,,
surukupi-fish-sp,yab,surukupi,surukupi-fish-sp,fish.sp,surukupi,s u r u k u p i,,,
sema-die,yab,sëma,sema-die,die,sëma,s ə m a,Looks like a DETRZ?,,
esema-die,yab,ësëma,sema-die,die,ësëma,ə s ə m a,Looks like a DETRZ?,,
tajme-ugly,yab,tajme,tajme-ugly,ugly,tajme,t a h m e,,,
tajnomo-piaroa,yab,tajnomo,tajnomo-piaroa,Piaroa,tajnomo,t a h n o m o,,,
tajromini-bad-omen,yab,tajromini,tajromini-bad-omen,bad_omen,tajromini,t a h r o m i n i,,,
tajromin-bad-omen,yab,tajromin,tajromini-bad-omen,bad_omen,tajromin,t a h r o m i n,,,
tajropo-have-fever,yab,tajropo,tajropo-have-fever,have_fever,tajropo,t a h r o p o,,,
takono-other,yab,takono,takono-other,other,takono,t a k o n o,,,
takon-other,yab,takon,takono-other,other,takon,t a k o n,,,
takunu-laziness,yab,takunu,takunu-laziness,laziness,takunu,t a k u n u,,,
tapa-beat,yab,tapa,tapa-beat,beat,tapa,t a p a,,,
tarine-fast,yab,tarine,tarine-fast,fast,tarine,t a r i n e,Derived with _-ne_?,,
taro-say,yab,taro,taro-say,say,taro,t a r o,,,
taj-say,yab,taj,taro-say,say,taj,t a h,,,
ta-say,yab,ta,taro-say,say,ta,t a,,,
tawani-darkness,yab,tawani,tawani-darkness,darkness,tawani,t a w a n i,,,
tawa-nyctidromus-albicollis,yab,tawa,tawa-nyctidromus-albicollis,nyctidromus_albicollis,tawa,t a w a,,,
tejwetunu-sick,yab,tejwetunu,tejwetunu-sick,sick,tejwetunu,t e h w e t u n u,,,
tejetum-sick,yab,tejetum,tejwetunu-sick,sick,tejetum,t e h e t u m,,,
temeki-defend,yab,temekï,temeki-defend,defend,temekï,t e m e k ɨ,,,
semeki-defend,yab,semekï,temeki-defend,defend,semekï,s e m e k ɨ,,,
semej-defend,yab,semej,temeki-defend,defend,semej,s e m e h,,,
tojpa-hit,yab,tojpa,tojpa-hit,hit,tojpa,t o h p a,,,
tonko-play,yab,tonko,tonko-play,play,tonko,t o n k o,,,
torono-bird,yab,torono,torono-bird,bird,torono,t o r o n o,,,
torote-cemetery,yab,torotë,torote-cemetery,cemetery,torotë,t o r o t ə,,,
toto-non-indian,yab,toto,toto-non-indian,non_Indian,toto,t o t o,,,
tujnaka-iller,yab,tujnaka,tujnaka-iller,iller,tujnaka,t u h n a k a,,,
tuna-water,yab,tuna,tuna-water,water,tuna,t u n a,,,
tunami-hide,yab,tunamï,tunami-hide,hide,tunamï,t u n a m ɨ,,,
tunam-hide,yab,tunam,tunami-hide,hide,tunam,t u n a m,,,
tu-give,yab,tu,tu-give,give,tu,t u,,,
te-loc,yab,të,te-loc,LOC,të,t ə,,,
teijpo-far,yab,tëijpo,teijpo-far,far; long,tëijpo,t ə i h p o,,,
teijpe-far,yab,tëijpë,teijpo-far,far; long,tëijpë,t ə i h p ə,,,
teijpo-far-1,yab,teijpo,teijpo-far,far; long,teijpo,t e i h p o,,,
tejta-hollow,yab,tëjta,tejta-hollow,hollow,tëjta,t ə h t a,,,
tewi-3pro,yab,tëwï,tewi-3pro,3PRO,tëwï,t ə w ɨ,,,
tewisantomo-3pro-pl,yab,tëwïsantomo,tewisantomo-3pro-pl,3PRO.PL,tëwïsantomo,t ə w ɨ s a n t o m o,,,
tewisanton-3pro-pl,yab,tëwïsanton,tewisantomo-3pro-pl,3PRO.PL,tëwïsanton,t ə w ɨ s a n t o n,,,
waijta-mouse,yab,waijta,waijta-mouse,mouse,waijta,w a i h t a,,,
waijte-head,yab,waijtë,waijte-head,head,waijtë,w a i h t ə,,,
waimu-language,yab,waimu,waimu-language,language,waimu,w a i m u,,,
waimu-speak,yab,waimu,waimu-speak,speak,waimu,w a i m u,,,
waimurun-speak,yab,waimurun,waimu-speak,speak,waimurun,w a i m u r u n,,,
wajto-fire,yab,wajto,wajto-fire,fire,wajto,w a h t o,,,
wajyaki-happy,yab,wajyakï,wajyaki-happy,happy,wajyakï,w a h j a k ɨ,,,
wajyaki-be-happy,yab,wajyakï,wajyaki-be-happy,be_happy,wajyakï,w a h j a k ɨ,,,
wajyakiti-be-happy,yab,wajyakïtï,wajyaki-be-happy,be_happy,wajyakïtï,w a h j a k ɨ t ɨ,,,
wajyama-kiss,yab,wajyama,wajyama-kiss,kiss,wajyama,w a h j a m a,,,
wanapu-savannah,yab,wanapu,wanapu-savannah,savannah,wanapu,w a n a p u,,,
wanene-aunt,yab,wanene,wanene-aunt,aunt,wanene,w a n e n e,,,
waraijtokomo-man,yab,waraijtokomo,waraijtokomo-man,man,waraijtokomo,w a r a i h t o k o m o,,,
waraijtokom-man,yab,waraijtokom,waraijtokomo-man,man,waraijtokom,w a r a i h t o k o m,,,
waraijtokon-man,yab,waraijtokon,waraijtokomo-man,man,waraijtokon,w a r a i h t o k o n,,,
waraijto-husband,yab,waraijto,waraijto-husband,husband,waraijto,w a r a i h t o,,,
warota-work,yab,warota,warota-work,work,warota,w a r o t a,,,
waruwa-hoti,yab,waruwa,waruwa-hoti,hoti,waruwa,w a r u w a,,,
waruwaru-hoti,yab,waruwaru,waruwa-hoti,hoti,waruwaru,w a r u w a r u,,,
wasayi-attalea-maripa,yab,wasayi,wasayi-attalea-maripa,attalea_maripa,wasayi,w a s a j i,,,
wasai-attalea-maripa,yab,wasai,wasayi-attalea-maripa,attalea_maripa,wasai,w a s a i,,,
wati-burn,yab,watï,wati-burn,burn,watï,w a t ɨ,,,
waj-burn,yab,waj,wati-burn,burn,waj,w a h,,,
wawe-loc-aq,yab,wawë,wawe-loc-aq,LOC.AQ,wawë,w a w ə,,,
weka-defecate,yab,weka,weka-defecate,defecate,weka,w e k a,,,
wena-vomit,yab,wena,wena-vomit,vomit,wena,w e n a,,,
wenkepi-forget,yab,wenkepï,wenkepi-forget,forget,wenkepï,w e n k e p ɨ,,,
wenkepi-forget-1,yab,wënkepï,wenkepi-forget,forget,wënkepï,w ə n k e p ɨ,,,
wenkej-forget,yab,wënkej,wenkepi-forget,forget,wënkej,w ə n k e h,,,
wepi-come,yab,wepï,wepi-come,come,wepï,w e p ɨ,,,
wej-come,yab,wej,wepi-come,come,wej,w e h,,,
wereta-arrive,yab,wereta,wereta-arrive,arrive,wereta,w e r e t a,Potentially derived with [mp](tavbz).,,
werewere-mosquito-sp,yab,werewere,werewere-mosquito-sp,mosquito_sp.,werewere,w e r e w e r e,,,
wereyi-cloud,yab,wereyi,wereyi-cloud,cloud,wereyi,w e r e j i,,,
werey-cloud,yab,werey,wereyi-cloud,cloud,werey,w e r e j,,,
weroro-dog,yab,weroro,weroro-dog,dog,weroro,w e r o r o,,,
weseyu-be-brave,yab,weseyu,weseyu-be-brave,be_brave,weseyu,w e s e j u,,,
wesei-be-brave,yab,wesei,weseyu-be-brave,be_brave,wesei,w e s e i,,,
wiriyamo-woman,yab,wiriyamo,wiriyamo-woman,woman,wiriyamo,w i r i j a m o,,,
wurijyam-woman,yab,wurijyam,wiriyamo-woman,woman,wurijyam,w u r i h j a m,,,
wurijyamo-woman,yab,wurijyamo,wiriyamo-woman,woman,wurijyamo,w u r i h j a m o,,,
wurijyan-woman,yab,wurijyan,wiriyamo-woman,woman,wurijyan,w u r i h j a n,,,
wejka-fall,yab,wëjka,wejka-fall,fall,wëjka,w ə h k a,,,
wejte-go-down,yab,wëjtë,wejte-go-down,go_down,wëjtë,w ə h t ə,,,
we-kill,yab,wë,we-kill,kill,wë,w ə,,,
winiki-sleep,yab,wïnïkï,winiki-sleep,sleep,wïnïkï,w ɨ n ɨ k ɨ,,,
winik-sleep,yab,winik,winiki-sleep,sleep,winik,w i n i k,,,
winij-sleep,yab,wïnïj,winiki-sleep,sleep,wïnïj,w ɨ n ɨ h,,,
wire-1pro,yab,wïrë,wire-1pro,1PRO,wïrë,w ɨ r ə,,,
ya-ra-grandchild,yab,ya'ra,ya-ra-grandchild,grandchild,ya'ra,j a ʔ r a,,,
yajno-brother-in-law-man,yab,yajno,yajno-brother-in-law-man,brother_in_law(man),yajno,j a h n o,,,
yaka-all,yab,yaka,yaka-all,ALL,yaka,j a k a,,,
yaka-dig-out,yab,yaka,yaka-dig-out,dig_out,yaka,j a k a,,,
yamane-make,yab,yamanë,yamane-make,make,yamanë,j a m a n ə,,,
yaman-make,yab,yaman,yamane-make,make,yaman,j a m a n,,,
yamani-make,yab,yamani,yamane-make,make,yamani,j a m a n i,,,
yami-pick-up,yab,yamï,yami-pick-up,pick_up,yamï,j a m ɨ,,,
yan-pick-up,yab,yan,yami-pick-up,pick_up,yan,j a n,,,
yam-pick-up,yab,yam,yami-pick-up,pick_up,yam,j a m,,,
yane-mother,yab,yanë,yane-mother,mother,yanë,j a n ə,,,
sane-mother,yab,sanë,yane-mother,mother,sanë,s a n ə,,,
yaniki-call,yab,yanïkï,yaniki-call,call,yanïkï,j a n ɨ k ɨ,,,
yanij-call,yab,yanïj,yaniki-call,call,yanïj,j a n ɨ h,,,
yapijtomo-old,yab,yapijtomo,yapijtomo-old,old,yapijtomo,j a p i h t o m o,Fossilized _-tomo_.,,
yapijton-old,yab,yapijton,yapijtomo-old,old,yapijton,j a p i h t o n,Fossilized _-tomo_.,,
yapechi-grab,yab,yapëchi,yapechi-grab,grab,yapëchi,j a p ə t͡ʃ i,,,
yapej-grab,yab,yapëj,yapechi-grab,grab,yapëj,j a p ə h,,,
yapichi-grab,yab,yapïchi,yapechi-grab,grab,yapïchi,j a p ɨ t͡ʃ i,,,
yarika-laugh,yab,yarika,yarika-laugh,laugh,yarika,j a r i k a,,,
yaruwa-laugh,yab,yaruwa,yaruwa-laugh,laugh,yaruwa,j a r u w a,,,
yare-bring,yab,yarë,yare-bring,bring,yarë,j a r ə,,,
yatane-adolescent,yab,yatanë,yatane-adolescent,adolescent,yatanë,j a t a n ə,,,
yatam-adolescent,yab,yatam,yatane-adolescent,adolescent,yatam,j a t a m,,,
yatan-adolescent,yab,yatan,yatane-adolescent,adolescent,yatan,j a t a n,,,
yatunu-day,yab,yatunu,yatunu-day,day; sun,yatunu,j a t u n u,,,
yatum-day,yab,yatum,yatunu-day,day; sun,yatum,j a t u m,,,
yatun-day,yab,yatun,yatunu-day,day; sun,yatun,j a t u n,,,
yate-loc,yab,yatë,yate-loc,LOC,yatë,j a t ə,,,
yawaka-sow,yab,yawaka,yawaka-sow,sow,yawaka,j a w a k a,,,
yawaki-grate,yab,yawakï,yawaki-grate,grate,yawakï,j a w a k ɨ,,,
yawanka-kill,yab,yawanka,yawanka-kill,kill,yawanka,j a w a n k a,,,
yaye-loc,yab,yaye,yaye-loc,LOC,yaye,j a j e,,,
yemekunu-five,yab,yemekunu,yemekunu-five,five,yemekunu,j e m e k u n u,,,
yeme-eat-fruits-eggs-soup,yab,yeme,yeme-eat-fruits-eggs-soup,"eat(fruits,_eggs,_soup)",yeme,j e m e,,,
yenepe-send-away,yab,yenepe,yenepe-send-away,send_away,yenepe,j e n e p e,,,
yepema-pay,yab,yepema,yepema-pay,pay,yepema,j e p e m a,Potentially derived with [mp](macaus).,,
yojma-mix,yab,yojma,yojma-mix,mix,yojma,j o h m a,Maybe from [mp](oki-chicha) and [mp](macaus)?,,
yojte-fish-with-hook,yab,yojtë,yojte-fish-with-hook,fish_with_hook,yojtë,j o h t ə,,,
yoko-pimple,yab,yoko,yoko-pimple,pimple,yoko,j o k o,,,
yoki-eat-starch,yab,yokï,yoki-eat-starch,eat(starch),yokï,j o k ɨ,,,
yoj-eat-starch,yab,yoj,yoki-eat-starch,eat(starch),yoj,j o h,,,
yopo-find,yab,yopo,yopo-find,find,yopo,j o p o,,,
yujwa-burn,yab,yujwa,yujwa-burn,burn,yujwa,j u h w a,,,
yumpe-fairly,yab,yumpe,yumpe-fairly,fairly; much,yumpe,j u m p e,,,
yutu-forest,yab,yutu,yutu-forest,forest,yutu,j u t u,,,
ye-tooth,yab,yë,ye-tooth,tooth,yë,j ə,,,
ye-tooth-1,yab,ye,ye-tooth,tooth,ye,j e,,,
yejpe-bone,yab,yëjpë,yejpe-bone,bone,yëjpë,j ə h p ə,,,
yempeka-offend,yab,yëmpëka,yempeka-offend,offend,yëmpëka,j ə m p ə k a,,,
yeni-drink,yab,yëni,yeni-drink,drink,yëni,j ə n i,,,
yeni-drink-1,yab,yeni,yeni-drink,drink,yeni,j e n i,,,
yen-drink,yab,yën,yeni-drink,drink,yën,j ə n,,,
yeni-drink-2,yab,yënï,yeni-drink,drink,yënï,j ə n ɨ,,,
yene-eat-meat,yab,yënë,yene-eat-meat,eat(meat),yënë,j ə n ə,,,
yewuku-answer,yab,yëwuku,yewuku-answer,answer,yëwuku,j ə w u k u,,,
yeye-tree,yab,yëye,yeye-tree,tree,yëye,j ə j e,,,
yipi-mountain,yab,yïpï,yipi-mountain,mountain,yïpï,j ɨ p ɨ,,,
ejpina-often,yab,ëjpïna,ejpina-often,often,ëjpïna,ə h p ɨ n a,,,
ekere-jaguar,yab,ëkërë,ekere-jaguar,jaguar,ëkërë,ə k ə r ə,,,
empare-already,yab,ëmpare,empare-already,already,ëmpare,ə m p a r e,,,
enuku-go-up,yab,ënuku,enuku-go-up,go_up,ënuku,ə n u k u,,,
enuj-go-up,yab,ënuj,enuku-go-up,go_up,ënuj,ə n u h,,,
erine-cooking-pot,yab,ërinë,erine-cooking-pot,cooking_pot,ërinë,ə r i n ə,,,
etipa-go-in-group,yab,ëtïpa,etipa-go-in-group,go_in_group,ëtïpa,ə t ɨ p a,,,
tipa-go-in-group,yab,tipa,etipa-go-in-group,go_in_group,tipa,t i p a,,,
ya-erg,yab,ya,ya-erg,ERG,ya,j a,,,
ya-obl,yab,ya,ya-obl,OBL,ya,j a,,,
yawe-loc,yab,yawë,yawe-loc,LOC,yawë,j a w ə,,,
yawo-loc,yab,yawo,yawe-loc,LOC,yawo,j a w o,,,
chawe-loc,yab,chawë,yawe-loc,LOC,chawë,t͡ʃ a w ə,,,
tawara-too,yab,tawara,tawara-too,too,tawara,t a w a r a,,,
tawaraij-too,yab,tawaraij,tawara-too,too,tawaraij,t a w a r a i h,,,
chi-cop,yab,chi,chi-cop,COP,chi,t͡ʃ i,*eti,,
ch-cop,yab,ch,chi-cop,COP,ch,t͡ʃ,*eti,,
chij-cop,yab,chij,chi-cop,COP,chij,t͡ʃ i h,*eti,,
wej-cop,yab,wej,chi-cop,COP,wej,w e h,*eti,,
waraij-like,yab,waraij,waraij-like,like,waraij,w a r a i h,,,
warai-like,yab,warai,waraij-like,like,warai,w a r a i,,,
te-go,yab,të,te-go,go,të,t ə,Irregularly inflected.,,
ke-ins,yab,ke,ke-ins,INS,ke,k e,,,
ewenke-ignorant,yab,ewenke,ewenke-ignorant,ignorant,ewenke,e w e n k e,,,
suku-urine,yab,suku,suku-urine,urine,suku,s u k u,,,
suj-urine,yab,suj,suku-urine,urine,suj,s u h,,,
mesuku-blood,yab,mesuku,mesuku-blood,blood,mesuku,m e s u k u,,,
mesuj-blood,yab,mesuj,mesuku-blood,blood,mesuj,m e s u h,,,
enka-finish,yab,ënka,enka-finish,finish,ënka,ə n k a,,,
enejka-watch,yab,enejka,enejka-watch,watch,enejka,e n e h k a,,,
wajto-fire-1,yab,wajto,wajto-fire-1,fire,wajto,w a h t o,,,
naij-do,yab,naij,naij-do,do,naij,n a i h,,,
tawejka-dawn,yab,tawejka,tawejka-dawn,dawn,tawejka,t a w e h k a,,,
aniki-who,yab,anïkï,aniki-who,who,anïkï,a n ɨ k ɨ,,,
aniki-who-1,yab,aniki,aniki-who,who,aniki,a n i k i,,,
ka-say,yab,ka,ka-say,say,ka,k a,,,
kaj-say,yab,kaj,ka-say,say,kaj,k a h,,,
iwiti-house,yab,ïwïtï,iwiti-house,house,ïwïtï,ɨ w ɨ t ɨ,,,
iwij-house,yab,ïwïj,iwiti-house,house,ïwïj,ɨ w ɨ h,,,
ej-house,yab,ëj,iwiti-house,house,ëj,ə h,,,
tawaja-thus-neg,yab,tawaja,tawaja-thus-neg,thus.NEG,tawaja,t a w a h a,"Looks suspiciously like [mp](tawara-too) and [mp](janeg), but the combination would be unexpected.",,
kanta-sing,yab,kanta,kanta-sing,sing,kanta,k a n t a,,,
ekete-where,yab,ëkëtë,ekete-where,where,ëkëtë,ə k ə t ə,,,
ekej-where,yab,ëkëj,ekete-where,where,ëkëj,ə k ə h,,,
eki-chicha,yab,ëkï,eki-chicha,chicha,ëkï,ə k ɨ,,,
oki-chicha,yab,okï,eki-chicha,chicha,okï,o k ɨ,,,
womi-enter,yab,womï,womi-enter,enter,womï,w o m ɨ,,,
won-enter,yab,won,womi-enter,enter,won,w o n,,,
i-put,yab,i,i-put,put,i,i,,,
peremeki-talk,yab,përemekï,peremeki-talk,talk,përemekï,p ə r e m e k ɨ,,,
yekerema-boast-sexually,yab,yekerema,yekerema-boast-sexually,boast_sexually,yekerema,j e k e r e m a,,,
sukuri-silently,yab,sukuri,sukuri-silently,silently,sukuri,s u k u r i,,,
yare-alone,yab,yarë,yare-alone,alone,yarë,j a r ə,,,
wera-like,yab,wëra,wera-like,like,wëra,w ə r a,,,
wara-like,yab,wara,wera-like,like,wara,w a r a,,,
wora-like,yab,wora,wera-like,like,wora,w o r a,,,
po-loc,yab,po,po-loc,LOC,po,p o,,,
tewijna-there-ana,yab,tëwïjna,tewijna-there-ana,there.ANA,tëwïjna,t ə w ɨ h n a,Potentially morphologically complex; related to [mp](tewi-3pro)?,,
ese-name,yab,ese,ese-name,name,ese,e s e,,,
empami-learn,yab,ëmpamï,empami-learn,learn,ëmpamï,ə m p a m ɨ,,,
empan-learn,yab,ëmpan,empami-learn,learn,ëmpan,ə m p a n,,,
empam-learn,yab,ëmpam,empami-learn,learn,ëmpam,ə m p a m,,,
yakucho-p-a,yab,yakucho,yakucho-p-a,P._A.,yakucho,j a k u t͡ʃ o,,,
pedrito-p,yab,pedrito,pedrito-p,P.,pedrito,p e d r i t o,,,
akino-younger-brother,yab,akino,akino-younger-brother,younger_brother,akino,a k i n o,,,
pajarito-p,yab,pajarito,pajarito-p,P.,pajarito,p a h a r i t o,,,
yakara-believe,yab,yakara,yakara-believe,believe,yakara,j a k a r a,,,
tajnon-piaroa,yab,tajnon,tajnon-piaroa,Piaroa,tajnon,t a h n o n,,,
tamanaku-t,yab,tamanaku,tamanaku-t,T.,tamanaku,t a m a n a k u,,,
irario-h,yab,irario,irario-h,H.,irario,i r a r i o,,,
pupuri-bactris-gasipaes,yab,pupuri,pupuri-bactris-gasipaes,Bactris_gasipaes,pupuri,p u p u r i,,,
pipiri-bactris-gasipaes,yab,pïpïri,pupuri-bactris-gasipaes,Bactris_gasipaes,pïpïri,p ɨ p ɨ r i,,,
pipiri-bactris-gasipaes-1,yab,pïpïrï,pupuri-bactris-gasipaes,Bactris_gasipaes,pïpïrï,p ɨ p ɨ r ɨ,,,
pijiguao-bactris-gasipaes,yab,pijiguao,pijiguao-bactris-gasipaes,Bactris_gasipaes,pijiguao,p i h i � u a o,,,
awo-uncle,yab,awo,awo-uncle,uncle; father_in_law,awo,a w o,,,
ejwe-hammock,yab,ejwe,ejwe-hammock,hammock,ejwe,e h w e,,,
ejwa-hammock,yab,ëjwa,ejwe-hammock,hammock,ëjwa,ə h w a,,,
yakete-cut,yab,yakëtë,yakete-cut,cut,yakëtë,j a k ə t ə,,,
enrike-e,yab,enrike,enrike-e,E.,enrike,e n r i k e,,,
kayupare-k,yab,kayupare,kayupare-k,K.,kayupare,k a j u p a r e,,,
parangana-pot,yab,parangana,parangana-pot,pot,parangana,p a r a n � a n a,Spanish loan.,,
tampa-become-angry,yab,tampa,tampa-become-angry,become_angry,tampa,t a m p a,,,
nanka-find,yab,nanka,nanka-find,find,nanka,n a n k a,,,
akono-younger-sister-of-woman,yab,akono,akono-younger-sister-of-woman,younger_sister_of_woman,akono,a k o n o,,,
kano-c,yab,kaño,kano-c,C.,kaño,k a ɲ o,,,
chiwapure-c,yab,chiwapure,chiwapure-c,C.,chiwapure,t͡ʃ i w a p u r e,,,
nwa-glute,yab,nwa,nwa-glute,glute,nwa,n w a,,,
enu-eye,yab,ënu,enu-eye,eye,ënu,ə n u,,,
ejne-below,yab,ëjnë,ejne-below,below,ëjnë,ə h n ə,,,
neto-n,yab,neto,neto-n,N.,neto,n e t o,,,
erepunu-sick,yab,erepunu,erepunu-sick,sick,erepunu,e r e p u n u,,,
erepun-sick,yab,erepun,erepunu-sick,sick,erepun,e r e p u n,,,
antonio-a,yab,antonio,antonio-a,A.,antonio,a n t o n i o,,,
sarampion-measles,yab,sarampion,sarampion-measles,measles,sarampion,s a r a m p i o n,Spanish loan.,,
santo-s,yab,santo,santo-s,S.,santo,s a n t o,,,
melicio-m,yab,melicio,melicio-m,M.,melicio,m e � i � i o,,,
joti-hoti,yab,joti,joti-hoti,hoti,joti,h o t i,,,
akere-relative,yab,akërë,akere-relative,relative,akërë,a k ə r ə,,,
akere-relative-1,yab,akere,akere-relative,relative,akere,a k e r e,,,
kawaratu-k,yab,kawaratu,kawaratu-k,K.,kawaratu,k a w a r a t u,,,
u-starchy-food,yab,u,u-starchy-food,starchy_food,u,u,,,
wintika-disappear,yab,wintika,wintika-disappear,disappear,wintika,w i n t i k a,,,
javier-j,yab,javier,javier-j,J.,javier,h a � i e r,,,
wanita-j,yab,wanita,wanita-j,J.,wanita,w a n i t a,,,
sawankuwi-die,yab,sawankuwi,sawankuwi-die,die,sawankuwi,s a w a n k u w i,,,
sawankui-die,yab,sawankui,sawankuwi-die,die,sawankui,s a w a n k u i,,,
yawarana-yawarana,yab,yawarana,yawarana-yawarana,Yawarana,yawarana,j a w a r a n a,,,
kukurito-k,yab,kukurito,kukurito-k,K.,kukurito,k u k u r i t o,,,
wine-from,yab,winë,wine-from,from,winë,w i n ə,,,
wine-from-1,yab,wïnë,wine-from,from,wïnë,w ɨ n ə,,,
kunawo-brother-in-law,yab,kuñawo,kunawo-brother-in-law,brother_in_law,kuñawo,k u ɲ a w o,Spanish loan.,,
yamuwati-y,yab,yamuwati,yamuwati-y,Y.,yamuwati,j a m u w a t i,,,
merisiyo-m,yab,merisiyo,merisiyo-m,M.,merisiyo,m e r i s i j o,,,
kanejte-weave,yab,kanejtë,kanejte-weave,weave,kanejtë,k a n e h t ə,Maybe with [mp](jtevbz)?,,
indigena-indigenous-person,yab,indigena,indigena-indigenous-person,indigenous_person,indigena,i n d i � e n a,,,
pekepene-alone,yab,pëkëpene,pekepene-alone,alone,pëkëpene,p ə k ə p e n e,,,
margarita-m,yab,margarita,margarita-m,M.,margarita,m a r � a r i t a,,,
kajwe-coffee,yab,kajwe,kajwe-coffee,coffee,kajwe,k a h w e,Spanish loan.,,
kapitan-chief,yab,kapitan,kapitan-chief,chief,kapitan,k a p i t a n,Spanish loan.,,
are-leaf,yab,are,are-leaf,leaf; hair,are,a r e,,,
julieta-j,yab,julieta,julieta-j,J.,julieta,h u � i e t a,,,
ron-rum,yab,ron,ron-rum,rum,ron,r o n,Spanish loan.,,
pike-when,yab,pïkë,pike-when,when,pïkë,p ɨ k ə,,,
toma-t,yab,toma,toma-t,T.,toma,t o m a,,,
peremeki-speak,yab,peremekï,peremeki-speak,speak,peremekï,p e r e m e k ɨ,,,
sanaka-heal,yab,sanaka,sanaka-heal,heal,sanaka,s a n a k a,,,
sempinuku-close-eyes,yab,sëmpinuku,sempinuku-close-eyes,close_eyes,sëmpinuku,s ə m p i n u k u,,,
sempinuj-close-eyes,yab,sëmpinuj,sempinuku-close-eyes,close_eyes,sëmpinuj,s ə m p i n u h,,,
yolanda-y,yab,yolanda,yolanda-y,Y.,yolanda,j o � a n d a,,,
pe-ess,yab,pe,pe-ess,ESS,pe,p e,,,
kerejpe-old,yab,kërëjpë,kerejpe-old,old,kërëjpë,k ə r ə h p ə,Looks like a lexicalized *-jpë*.,,
kere-old,yab,kërë,kere-old,old,kërë,k ə r ə,Bound root?,,
mesuku-blood-1,yab,mesuku,mesuku-blood-1,blood,mesuku,m e s u k u,-tu PERT,,
enu-eye-1,yab,ënu,enu-eye-1,eye,ënu,ə n u,,,
emekunu-hand,yab,emekunu,emekunu-hand,hand,emekunu,e m e k u n u,,,
ere-liver,yab,ere,ere-liver,liver,ere,e r e,,,
oti-meat,yab,oti,oti-meat,meat,oti,o t i,,,
ena-nose,yab,ëna,ena-nose,nose,ëna,ə n a,,,
echi-smoke,yab,ëchi,echi-smoke,smoke,ëchi,ə t͡ʃ i,,,
tepu-stone,yab,tëpu,tepu-stone,stone,tëpu,t ə p u,,,
ape-arm-wing,yab,apë,ape-arm-wing,"arm,_wing",apë,a p ə,,,
yeremutu-ash,yab,yeremutu,yeremutu-ash,ash,yeremutu,j e r e m u t u,,,
kanawa-canoe,yab,kanawa,kanawa-canoe,canoe,kanawa,k a n a w a,,,
kemichini-be-cold,yab,këmïchini,kemichini-be-cold,be_cold,këmïchini,k ə m ɨ t͡ʃ i n i,,,
yakuri-agouti,yab,yakuri,yakuri-agouti,agouti,yakuri,j a k u r i,,,
makampra-aunt,yab,makampra,makampra-aunt,aunt,makampra,m a k a m p r a,older sister of mother,,
yemi-be-hungry,yab,yëmï,yemi-be-hungry,be_hungry,yëmï,j ə m ɨ,,,
yomi-be-hungry,yab,yomi,yemi-be-hungry,be_hungry,yomi,j o m i,,,
yemi-be-hungry-1,yab,yëmi,yemi-be-hungry,be_hungry,yëmi,j ə m i,,,
ijmojka-cook,yab,ijmojka,ijmojka-cook,cook,ijmojka,i h m o h k a,,,
ijmoka-cook,yab,ijmoka,ijmojka-cook,cook,ijmoka,i h m o k a,,,
padrastro-stepfather,yab,padrastro,padrastro-stepfather,stepfather,padrastro,p a d r a s t r o,,,
rafa-rafa,yab,rafa,rafa-rafa,Rafa,rafa,r a f a,,,
perez-perez,yab,perez,perez-perez,Perez,perez,p e r e s,,,
akere-with,yab,akërë,akere-with,with,akërë,a k ə r ə,,,
ka-all,yab,ka,ka-all,ALL,ka,k a,,,
maijte-go-imp,yab,maijtë,maijte-go-imp,go.IMP,maijtë,m a i h t ə,,,
ejnomo-ejnomo,yab,ejnomo,ejnomo-ejnomo,ejnomo,ejnomo,e h n o m o,mother of the water,,
sujta-urinate,yab,sujta,sujta-urinate,urinate,suj ta,s u h t a,,,
kaimota-hunt,yab,kaimota,kaimota-hunt,hunt,kaimo ta,k a i m o t a,,,
meteta-thin,yab,mëtëta,meteta-thin,thin,mëtë ta,m ə t ə t a,,,
yokota-grow-pimple,yab,yokota,yokota-grow-pimple,grow pimple,yoko ta,j o k o t a,,,
erepunta-become-sick,yab,erepunta,erepunta-become-sick,become sick,erepun ta,e r e p u n t a,,,
wereyta-cloud-over,yab,wereyta,wereyta-cloud-over,cloud over,werey ta,w e r e j t a,,,
wanaputa-grow-savannah-grass,yab,wanaputa,wanaputa-grow-savannah-grass,grow savannah grass,wanapu ta,w a n a p u t a,,,
sakauta-get-sandy,yab,sakauta,sakauta-get-sandy,get sandy,sakau ta,s a k a u t a,,,
rokota-become-crazy,yab,rokota,rokota-become-crazy,become crazy,roko ta,r o k o t a,,,
punta-form-pulp,yab,punta,punta-form-pulp,form pulp,pun ta,p u n t a,,,
piketa-fart,yab,pikëta,piketa-fart,fart,pikë ta,p i k ə t a,,,
pichipichita-form-whitebait,yab,pichipichita,pichipichita-form-whitebait,form whitebait,pichipichi ta,p i t͡ʃ i p i t͡ʃ i t a,,,
nakita-be-thirsty,yab,nakita,nakita-be-thirsty,be thirsty,naki ta,n a k i t a,,,
mukuta-have-son,yab,mukuta,mukuta-have-son,have son,muku ta,m u k u t a,,,
motota-fill-with-worms,yab,motota,motota-fill-with-worms,fill with worms,moto ta,m o t o t a,,,
moronta-hurt,yab,moronta,moronta-hurt,hurt,moron ta,m o r o n t a,,,
mesujta-bleed,yab,mesujta,mesujta-bleed,bleed,mesuj ta,m e s u h t a,,,
kereta-ripen,yab,kërëta,kereta-ripen,ripen,kërë ta,k ə r ə t a,,,
kemuta-emit-pus,yab,këmuta,kemuta-emit-pus,emit pus,këmu ta,k ə m u t a,,,
konopota-start-rainy-season,yab,konopota,konopota-start-rainy-season,start rainy season,konopo ta,k o n o p o t a,,,
kawonota-get-high,yab,kawonota,kawonota-get-high,get high,kawono ta,k a w o n o t a,,,
kamparata-grow,yab,kamparata,kamparata-grow,grow; change (voice),kampara ta,k a m p a r a t a,,,
chekeyta-fill-with-nits,yab,chëkëyta,chekeyta-fill-with-nits,fill with nits,chëkëy ta,t͡ʃ ə k ə j t a,,,
chimichimita-fill-with-worms-dog,yab,chimichimita,chimichimita-fill-with-worms-dog,fill with worms (dog),chimichimi ta,t͡ʃ i m i t͡ʃ i m i t a,,,
chiketa-get-chiggers,yab,chikëta,chiketa-get-chiggers,get chiggers,chikë ta,t͡ʃ i k ə t a,,,
awochita-form-tumor,yab,awochita,awochita-form-tumor,form tumor,awochi ta,a w o t͡ʃ i t a,,,
asereta-have-dry-cough,yab,asereta,asereta-have-dry-cough,have dry cough,asere ta,a s e r e t a,,,
aijkoronota-recover,yab,aijkoronota,aijkoronota-recover,recover,aijkorono ta,a i h k o r o n o t a,,,
ajpachita-overgrows,yab,ajpachita,ajpachita-overgrows,overgrows,ajpachi ta,a h p a t͡ʃ i t a,,,
akita-fill-with-worms,yab,akïta,akita-fill-with-worms,fill with worms,akï ta,a k ɨ t a,,,
apita-ripen,yab,apita,apita-ripen,ripen,api ta,a p i t a,,,
amuta-ripen,yab,amuta,amuta-ripen,ripen,amu ta,a m u t a,,,
chijchiputa-move-body,yab,chijchiputa,chijchiputa-move-body,move body,chijchipu ta,t͡ʃ i h t͡ʃ i p u t a,,,
kasota-fatten,yab,kasota,kasota-fatten,fatten,kaso ta,k a s o t a,,,
takunuta-slack-off,yab,takunuta,takunuta-slack-off,slack off,takunu ta,t a k u n u t a,,,
werewereta-swarm-mosquitos,yab,werewereta,werewereta-swarm-mosquitos,swarm (mosquitos),werewere ta,w e r e w e r e t a,,,
keyata-grow,yab,këyata,keyata-grow,grow,këya ta,k ə j a t a,,,
keyeta-grow,yab,këyeta,keyata-grow,grow,këye ta,k ə j e t a,,,
majta-become-thin,yab,majta,majta-become-thin,become thin,maj ta,m a h t a,,,
paijta-swell-river,yab,paijta,paijta-swell-river,swell (river),paij ta,p a i h t a,,,
wenaka-vomit,yab,wenaka,wenaka-vomit,vomit,wena ka,w e n a k a,,,
ajpachika-weed,yab,ajpachika,ajpachika-weed,weed,ajpachi ka,a h p a t͡ʃ i k a,,,
mejyaka-uncover,yab,mejyaka,mejyaka-uncover,uncover,mejya ka,m e h j a k a,,,
moronka-make-suffer,yab,moronka,moronka-make-suffer,make suffer,moron ka,m o r o n k a,,,
mujnaka-dig-out,yab,mujnaka,mujnaka-dig-out,dig out,mujna ka,m u h n a k a,,,
pataka-take-out,yab,pataka,pataka-take-out,take out,pata ka,p a t a k a,,,
ejnai-make-self,yab,ëjnai,ejnai-make-self,make self,ëj nai,ə h n a i,,,
ejwenaka-vomit,yab,ëjwenaka,ejwenaka-vomit,vomit,ëj wena ka,ə h w e n a k a,,,
serema-eat,yab,serema,serema-eat,eat,s ere ma,s e r e m a,,,
senka-finish,yab,sënka,senka-finish,finish,s ënka,s ə n k a,,,
ejneme-remain,yab,ëjnëmë,ejneme-remain,remain,ëj nëmë,ə h n ə m ə,Interesting semantics?,,
senejka-stay,yab,senejka,senejka-stay,stay,s enejka,s e n e h k a,,,
apataka-come-out,yab,apataka,apataka-come-out,come out,a pata ka,a p a t a k a,,,
sereka-become-tired,yab,sereka,sereka-become-tired,become tired,s ereka,s e r e k a,,,
esene-see-self,yab,esene,esene-see-self,see self,es ene,e s e n e,,,
sene-see-self,yab,sene,esene-see-self,see self,s ene,s e n e,,,
atapej-seize-on,yab,atapëj,atapej-seize-on,seize on,at apëj,a t a p ə h,,,
ejpenaka-return,yab,ëjpënaka,ejpenaka-return,return,ëj pënaka,ə h p ə n a k a,,,
katupuma-pile-up,yab,katupuma,katupuma-pile-up,pile up,katupu ma,k a t u p u m a,,,
keyama-raise,yab,këyama,keyama-raise,raise,këya ma,k ə j a m a,,,
kirima-thicken,yab,kïrïma,kirima-thicken,thicken,kïrï ma,k ɨ r ɨ m a,,,
morontama-cause-pain,yab,morontama,morontama-cause-pain,cause pain,moron ta ma,m o r o n t a m a,,,
pejma-bewitch,yab,pejma,pejma-bewitch,bewitch,pej ma,p e h m a,,,
yajwema-sweeten,yab,yajwema,yajwema-sweeten,sweeten,yajwe ma,j a h w e m a,,,
yapima-make-worse,yab,yapima,yapima-make-worse,make worse,yapi ma,j a p i m a,,,
yatuma-warm,yab,yatuma,yatuma-warm,warm,yatu ma,j a t u m a,,,
yerema-feed,yab,yerema,yerema-feed,feed,yere ma,j e r e m a,,,
erema-feed,yab,erema,yerema-feed,feed,ere ma,e r e m a,,,
yakarama-tell,yab,yakarama,yakarama-tell,tell,yakara ma,j a k a r a m a,,,
kojpaye-at-night,yab,kojpaye,kojpaye-at-night,at night,kojpa ye,k o h p a j e,,,
kamprake-big,yab,kamprake,kamprake-big,big,kampra ke,k a m p r a k e,,,
tejpore-tasty,yab,tejpore,tejpore-tasty,tasty,tejpo re,t e h p o r e,,,
tapire-red,yab,tapire,tapire-red,red,tapi re,t a p i r e,,,
pechine-odorous,yab,pëchine,pechine-odorous,odorous,pëchi ne,p ə t͡ʃ i n e,,,
pochine-odorous,yab,pochine,pechine-odorous,odorous,pochi ne,p o t͡ʃ i n e,,,
makepijke-second-mother,yab,makëpïjkë,makepijke-second-mother,second mother,makë pïjkë,m a k ə p ɨ h k ə,,,
meteye-thin,yab,mëtëye,meteye-thin,thin,mëtë ye,m ə t ə j e,,,
tepeti-go-plur,yab,tëpëti,tepeti-go-plur,go (PLUR),të pëti,t ə p ə t i,,,
sejpeti-dream,yab,sejpëti,sejpeti-dream,dream,sej pëti,s e h p ə t i,,,
sejpej-dream,yab,sejpëj,sejpeti-dream,dream,sej pëj,s e h p ə h,,,
mujnajte-bury,yab,mujnajtë,mujnajte-bury,bury,mujna jtë,m u h n a h t ə,,,
asereke-dry-cough-prop,yab,asere-ke,asereke-dry-cough-prop,dry_cough-PROP,asere ke,,,,
enirono-now-nmlz,yab,eniro-no,enirono-now-nmlz,now-NMLZ; today-NMLZ,eniro no,,,,
ijmokani-cook-agtnmlz,yab,ijmoka-ni,ijmokani-cook-agtnmlz,cook-AGTNMLZ,ijmoka ni,,,,
kamparake-big-prop,yab,kampara-ke,kamparake-big-prop,big-PROP,kampara ke,,,,
kereke-old-prop,yab,kërë-ke,kereke-old-prop,old-PROP,kërë ke,,,,
keyari-think-acnnmlz,yab,këya-ri,keyari-think-acnnmlz,think-ACNNMLZ,këya ri,,,,
nonoke-earth-prop,yab,nono-ke,nonoke-earth-prop,earth-PROP,nono ke,,,,
nopano-good-nmlz,yab,nop-ano,nopano-good-nmlz,good-NMLZ,nop ano,,,,
pejmani-bewitch-agtnmlz,yab,pejma-ni,pejmani-bewitch-agtnmlz,bewitch-AGTNMLZ,pej ma ni,,,,
teijpono-far-nmlz,yab,teijpo-no,teijpono-far-nmlz,far-NMLZ; long-NMLZ,teijpo no,,,,
tejporemi-tasty-nmlz,yab,tejpore-mï,tejporemi-tasty-nmlz,tasty-NMLZ,tejpo re mï,,,,
weseyuri-be-brave-acnnmlz,yab,weseyu-ri,weseyuri-be-brave-acnnmlz,be_brave-ACNNMLZ,weseyu ri,,,,
tari-say-acnnmlz,yab,ta-ri,tari-say-acnnmlz,say-ACNNMLZ,ta ri,,,,
chiri-cop-acnnmlz,yab,chi-ri,chiri-cop-acnnmlz,COP-ACNNMLZ,chi ri,,,,
yenese-eat-meat-ptcp,yab,yënë-se,yenese-eat-meat-ptcp,eat(meat)-PTCP; eat(meat)-SUP,yënë se,,,,
tajtane-say-cncs,yab,taj-tane,tajtane-say-cncs,say-CNCS,taj tane,,,,
tajtoj-say-circ-nmlz,yab,taj-toj,tajtoj-say-circ-nmlz,say-CIRC.NMLZ,taj toj,,,,
inijpe-see-pst-acnnmlz,yab,ini-jpë,inijpe-see-pst-acnnmlz,see-PST.ACNNMLZ,ini jpë,,,,
sereke-bitter-manioc-prop,yab,sere-ke,sereke-bitter-manioc-prop,bitter_manioc-PROP,sere ke,,,,
yemepeti-eat-fruits-eggs-soup-plur,yab,yeme-pëti,yemepeti-eat-fruits-eggs-soup-plur,"eat(fruits,_eggs,_soup)-PLUR",yeme pëti,,,,
keyatajpe-grow-pst-acnnmlz,yab,këyata-jpë,keyatajpe-grow-pst-acnnmlz,grow-PST.ACNNMLZ,këya ta jpë,,,,
enireno-now-nmlz,yab,enirë-no,enireno-now-nmlz,now-NMLZ; today-NMLZ,enirë no,,,,
yaweno-loc-nmlz,yab,yawë-no,yaweno-loc-nmlz,LOC-NMLZ,yawë no,,,,
nairi-do-acnnmlz,yab,nai-ri,nairi-do-acnnmlz,do-ACNNMLZ,nai ri,,,,
ijmojkatopo-cook-circ-nmlz,yab,ijmojka-topo,ijmojkatopo-cook-circ-nmlz,cook-CIRC.NMLZ,ijmojka topo,,,,
kani-take-out-agtnmlz,yab,ka-ni,kani-take-out-agtnmlz,take_out-AGTNMLZ,ka ni,,,,
turi-give-acnnmlz,yab,tu-ri,turi-give-acnnmlz,give-ACNNMLZ,tu ri,,,,
empampej-learn-plur,yab,ëmpam-pëj,empampej-learn-plur,learn-PLUR,ëmpam pëj,,,,
moronkapo-make-suffer-des,yab,moronka-po,moronkapo-make-suffer-des,make_suffer-DES,moron ka po,,,,
taropo-say-des,yab,taro-po,taropo-say-des,say-DES,taro po,,,,
empamtoj-learn-circ-nmlz,yab,ëmpam-toj,empamtoj-learn-circ-nmlz,learn-CIRC.NMLZ,ëmpam toj,,,,
tajpeti-say-plur,yab,taj-pëti,tajpeti-say-plur,say-PLUR,taj pëti,,,,
pojteri-want-acnnmlz,yab,pojtë-ri,pojteri-want-acnnmlz,want-ACNNMLZ,pojtë ri,,,,
wejpo-come-des,yab,wej-po,wejpo-come-des,come-DES,wej po,,,,
yepematopo-pay-circ-nmlz,yab,yepema-topo,yepematopo-pay-circ-nmlz,pay-CIRC.NMLZ,yepema topo,,,,
warotatopo-work-circ-nmlz,yab,warota-topo,warotatopo-work-circ-nmlz,work-CIRC.NMLZ,warota topo,,,,
yakaramari-tell-acnnmlz,yab,yakarama-ri,yakaramari-tell-acnnmlz,tell-ACNNMLZ,yakara ma ri,,,,
serekapo-become-tired-des,yab,sereka-po,serekapo-become-tired-des,become_tired-DES,s ereka po,,,,
pokono-about-nmlz,yab,poko-no,pokono-about-nmlz,about-NMLZ,poko no,,,,
tunamri-hide-acnnmlz,yab,tunam-ri,tunamri-hide-acnnmlz,hide-ACNNMLZ,tunam ri,,,,
yarikatopo-laugh-circ-nmlz,yab,yarika-topo,yarikatopo-laugh-circ-nmlz,laugh-CIRC.NMLZ,yarika topo,,,,
itapo-hear-des,yab,ita-po,itapo-hear-des,hear-DES,ita po,,,,
yaruwatopo-laugh-circ-nmlz,yab,yaruwa-topo,yaruwatopo-laugh-circ-nmlz,laugh-CIRC.NMLZ,yaruwa topo,,,,
iniri-see-acnnmlz,yab,ini-ri,iniri-see-acnnmlz,see-ACNNMLZ,ini ri,,,,
yarikase-laugh-ptcp,yab,yarika-se,yarikase-laugh-ptcp,laugh-PTCP; laugh-SUP,yarika se,,,,
yakaramapeti-tell-plur,yab,yakarama-pëti,yakaramapeti-tell-plur,tell-PLUR,yakara ma pëti,,,,
yeneni-eat-meat-agtnmlz,yab,yënë-ni,yeneni-eat-meat-agtnmlz,eat(meat)-AGTNMLZ,yënë ni,,,,
ekejna-where-nmlz,yab,ëkëj-na,ekejna-where-nmlz,where-NMLZ,ëkëj na,,,,
yapejtane-grab-cncs,yab,yapëj-tane,yapejtane-grab-cncs,grab-CNCS,yapëj tane,,,,
mukupijke-child-dim,yab,muku-pïjkë,mukupijke-child-dim,child-DIM,muku pïjkë,,,,
yenepej-eat-meat-plur,yab,yënë-pëj,yenepej-eat-meat-plur,eat(meat)-PLUR,yënë pëj,,,,
tena-loc-nmlz,yab,të-na,tena-loc-nmlz,LOC-NMLZ,të na,,,,
tampapeti-become-angry-plur,yab,tampa-pëti,tampapeti-become-angry-plur,become_angry-PLUR,tampa pëti,,,,
panake-ear-prop,yab,pana-ke,panake-ear-prop,ear-PROP,pana ke,,,,
samopeti-cry-plur,yab,samo-pëti,samopeti-cry-plur,cry-PLUR,samo pëti,,,,
tajrominke-bad-omen-prop,yab,tajromin-ke,tajrominke-bad-omen-prop,bad_omen-PROP,tajromin ke,,,,
semapej-die-plur,yab,sëma-pëj,semapej-die-plur,die-PLUR,sëma pëj,,,,
semari-die-acnnmlz,yab,sëma-ri,semari-die-acnnmlz,die-ACNNMLZ,sëma ri,,,,
esemane-die-inf,yab,ësëma-në,esemane-die-inf,die-INF,ësëma në,,,,
wenkejpej-forget-plur,yab,wënkej-pëj,wenkejpej-forget-plur,forget-PLUR,wënkej pëj,,,,
weseise-be-brave-ptcp,yab,wesei-se,weseise-be-brave-ptcp,be_brave-PTCP; be_brave-SUP,wesei se,,,,
atapejse-seize-on-ptcp,yab,atapëj-se,atapejse-seize-on-ptcp,seize_on-PTCP; seize_on-SUP,at apëj se,,,,
tapej-say-plur,yab,ta-pëj,tapej-say-plur,say-PLUR,ta pëj,,,,
inpo-see-des,yab,in-po,inpo-see-des,see-DES,in po,,,,
tawejkari-dawn-acnnmlz,yab,tawejka-ri,tawejkari-dawn-acnnmlz,dawn-ACNNMLZ,tawejka ri,,,,
yakase-dig-out-ptcp,yab,yaka-se,yakase-dig-out-ptcp,dig_out-PTCP; dig_out-SUP,yaka se,,,,
enteno-here-loc-nmlz,yab,entë-no,enteno-here-loc-nmlz,here.LOC-NMLZ,entë no,,,,
yenpo-drink-des,yab,yën-po,yenpo-drink-des,drink-DES,yën po,,,,
yempekapeti-offend-plur,yab,yëmpëka-pëti,yempekapeti-offend-plur,offend-PLUR,yëmpëka pëti,,,,
semajpe-die-pst-acnnmlz,yab,sëma-jpë,semajpe-die-pst-acnnmlz,die-PST.ACNNMLZ,sëma jpë,,,,
yemiri-be-hungry-acnnmlz,yab,yëmi-ri,yemiri-be-hungry-acnnmlz,be_hungry-ACNNMLZ,yëmi ri,,,,
serematojpe-eat-purp,yab,s-erema-tojpe,serematojpe-eat-purp,eat-PURP,s ere ma tojpe,,,,
semasape-die-abs-nmlz,yab,sëma-sapë,semasape-die-abs-nmlz,die-ABS.NMLZ,sëma sapë,,,,
kejmatojpe-hunt-purp,yab,këjma-tojpe,kejmatojpe-hunt-purp,hunt-PURP,këjma tojpe,,,,
ijmokatojpe-cook-purp,yab,ijmoka-tojpe,ijmokatojpe-cook-purp,cook-PURP,ijmoka tojpe,,,,
tajtojpe-say-purp,yab,taj-tojpe,tajtojpe-say-purp,say-PURP,taj tojpe,,,,
wejtane-cop-cncs,yab,wej-tane,wejtane-cop-cncs,COP-CNCS,wej tane,,,,
inse-see-ptcp,yab,in-se,inse-see-ptcp,see-PTCP; see-SUP,in se,,,,
ijmojkani-cook-agtnmlz,yab,ijmojka-ni,ijmojkani-cook-agtnmlz,cook-AGTNMLZ,ijmojka ni,,,,
yanse-pick-up-ptcp,yab,yan-se,yanse-pick-up-ptcp,pick_up-PTCP; pick_up-SUP,yan se,,,,
tuse-give-ptcp,yab,tu-se,tuse-give-ptcp,give-PTCP; give-SUP,tu se,,,,
teri-go-acnnmlz,yab,të-ri,teri-go-acnnmlz,go-ACNNMLZ,të ri,,,,
itopo-put-circ-nmlz,yab,i-topo,itopo-put-circ-nmlz,put-CIRC.NMLZ,i topo,,,,
yantopo-pick-up-circ-nmlz,yab,yan-topo,yantopo-pick-up-circ-nmlz,pick_up-CIRC.NMLZ,yan topo,,,,
apatakase-come-out-ptcp,yab,a-pataka-se,apatakase-come-out-ptcp,come_out-PTCP; come_out-SUP,a pata ka se,,,,
yenejpe-eat-meat-pst-acnnmlz,yab,yënë-jpë,yenejpe-eat-meat-pst-acnnmlz,eat(meat)-PST.ACNNMLZ,yënë jpë,,,,
wejsape-come-abs-nmlz,yab,wej-sapë,wejsape-come-abs-nmlz,come-ABS.NMLZ,wej sapë,,,,
apono-later-nmlz,yab,apo-no,apono-later-nmlz,later-NMLZ; meanwhile-NMLZ,apo no,,,,
moronemi-hurting-nmlz,yab,morone-mï,moronemi-hurting-nmlz,hurting-NMLZ,morone mï,,,,
enirem-now-nmlz,yab,enirë-m,enirem-now-nmlz,now-NMLZ; today-NMLZ,enirë m,,,,
tojpapeti-hit-plur,yab,tojpa-pëti,tojpapeti-hit-plur,hit-PLUR,tojpa pëti,,,,
tani-say-agtnmlz,yab,ta-ni,tani-say-agtnmlz,say-AGTNMLZ,ta ni,,,,
enijpeteno-one-nmlz,yab,enijpëtë-no,enijpeteno-one-nmlz,one-NMLZ,enijpëtë no,,,,
yampej-pick-up-plur,yab,yam-pëj,yampej-pick-up-plur,pick_up-PLUR,yam pëj,,,,
weri-kill-acnnmlz,yab,wë-ri,weri-kill-acnnmlz,kill-ACNNMLZ,wë ri,,,,
epepej-escape-plur,yab,epe-pëj,epepej-escape-plur,escape-PLUR; hide_and_seek-PLUR,epe pëj,,,,
wepej-kill-plur,yab,wë-pëj,wepej-kill-plur,kill-PLUR,wë pëj,,,,
tajtopo-say-circ-nmlz,yab,taj-topo,tajtopo-say-circ-nmlz,say-CIRC.NMLZ,taj topo,,,,
yojse-eat-starch-ptcp,yab,yoj-se,yojse-eat-starch-ptcp,eat(starch)-PTCP; eat(starch)-SUP,yoj se,,,,
yense-drink-ptcp,yab,yën-se,yense-drink-ptcp,drink-PTCP; drink-SUP,yën se,,,,
yamanse-make-ptcp,yab,yaman-se,yamanse-make-ptcp,make-PTCP; make-SUP,yaman se,,,,
yajwemari-sweeten-acnnmlz,yab,yajwema-ri,yajwemari-sweeten-acnnmlz,sweeten-ACNNMLZ,yajwe ma ri,,,,
yeniri-drink-acnnmlz,yab,yëni-ri,yeniri-drink-acnnmlz,drink-ACNNMLZ,yëni ri,,,,
semori-cry-acnnmlz,yab,sëmo-ri,semori-cry-acnnmlz,cry-ACNNMLZ,sëmo ri,,,,
senkari-finish-acnnmlz,yab,s-ënka-ri,senkari-finish-acnnmlz,finish-ACNNMLZ,s ënka ri,,,,
chijpe-cop-pst-acnnmlz,yab,chi-jpë,chijpe-cop-pst-acnnmlz,COP-PST.ACNNMLZ,chi jpë,,,,
tarojpe-say-pst-acnnmlz,yab,taro-jpë,tarojpe-say-pst-acnnmlz,say-PST.ACNNMLZ,taro jpë,,,,
watiri-burn-acnnmlz,yab,watï-ri,watiri-burn-acnnmlz,burn-ACNNMLZ,watï ri,,,,
tene-go-inf,yab,të-në,tene-go-inf,go-INF,të në,,,,
eseneri-see-self-acnnmlz,yab,esene-ri,eseneri-see-self-acnnmlz,see_self-ACNNMLZ,es ene ri,,,,
seneri-see-self-acnnmlz,yab,sene-ri,seneri-see-self-acnnmlz,see_self-ACNNMLZ,s ene ri,,,,
rokotapeti-become-crazy-plur,yab,rokota-pëti,rokotapeti-become-crazy-plur,become_crazy-PLUR,roko ta pëti,,,,
patakajpe-take-out-pst-acnnmlz,yab,pataka-jpë,patakajpe-take-out-pst-acnnmlz,take_out-PST.ACNNMLZ,pata ka jpë,,,,
wajpej-burn-plur,yab,waj-pëj,wajpej-burn-plur,burn-PLUR,waj pëj,,,,
senkase-finish-ptcp,yab,s-ënka-se,senkase-finish-ptcp,finish-PTCP; finish-SUP,s ënka se,,,,
yeke-tooth-prop,yab,ye-ke,yeke-tooth-prop,tooth-PROP,ye ke,,,,
pojtepo-want-des,yab,pojtë-po,pojtepo-want-des,want-DES,pojtë po,,,,
warotase-work-ptcp,yab,warota-se,warotase-work-ptcp,work-PTCP; work-SUP,warota se,,,,
warotari-work-acnnmlz,yab,warota-ri,warotari-work-acnnmlz,work-ACNNMLZ,warota ri,,,,
iri-put-acnnmlz,yab,i-ri,iri-put-acnnmlz,put-ACNNMLZ,i ri,,,,
naijtopo-do-circ-nmlz,yab,naij-topo,naijtopo-do-circ-nmlz,do-CIRC.NMLZ,naij topo,,,,
warotane-work-inf,yab,warota-në,warotane-work-inf,work-INF,warota në,,,,
senkapeti-finish-plur,yab,s-ënka-pëti,senkapeti-finish-plur,finish-PLUR,s ënka pëti,,,,
sempinukuri-close-eyes-acnnmlz,yab,sëmpinuku-ri,sempinukuri-close-eyes-acnnmlz,close_eyes-ACNNMLZ,sëmpinuku ri,,,,
senkapej-finish-plur,yab,s-ënka-pëj,senkapej-finish-plur,finish-PLUR,s ënka pëj,,,,
wajsape-burn-abs-nmlz,yab,waj-sapë,wajsape-burn-abs-nmlz,burn-ABS.NMLZ,waj sapë,,,,
ijmojkase-cook-ptcp,yab,ijmojka-se,ijmojkase-cook-ptcp,cook-PTCP; cook-SUP,ijmojka se,,,,
ijmojkari-cook-acnnmlz,yab,ijmojka-ri,ijmojkari-cook-acnnmlz,cook-ACNNMLZ,ijmojka ri,,,,
minteno-there-loc-nmlz,yab,mïntë-no,minteno-there-loc-nmlz,there.LOC-NMLZ,mïntë no,,,,
tuni-give-agtnmlz,yab,tu-ni,tuni-give-agtnmlz,give-AGTNMLZ,tu ni,,,,
wejkapeti-fall-plur,yab,wëjka-pëti,wejkapeti-fall-plur,fall-PLUR,wëjka pëti,,,,
yapejpo-grab-des,yab,yapëj-po,yapejpo-grab-des,grab-DES,yapëj po,,,,
karasakemi-white-nmlz,yab,karasake-mï,karasakemi-white-nmlz,white-NMLZ,karasake mï,,,,
asakeno-two-nmlz,yab,asakë-no,asakeno-two-nmlz,two-NMLZ,asakë no,,,,
ipo-put-des,yab,i-po,ipo-put-des,put-DES,i po,,,,
semase-die-ptcp,yab,sëma-se,semase-die-ptcp,die-PTCP; die-SUP,sëma se,,,,
tepej-go-plur,yab,të-pëj,tepej-go-plur,go-PLUR,të pëj,,,,
wepiri-come-acnnmlz,yab,wepï-ri,wepiri-come-acnnmlz,come-ACNNMLZ,wepï ri,,,,
winikiri-sleep-acnnmlz,yab,wïnïkï-ri,winikiri-sleep-acnnmlz,sleep-ACNNMLZ,wïnïkï ri,,,,
sejpejse-dream-ptcp,yab,sejpëj-se,sejpejse-dream-ptcp,dream-PTCP; dream-SUP,sej pëj se,,,,
sejpetiri-dream-acnnmlz,yab,sejpëti-ri,sejpetiri-dream-acnnmlz,dream-ACNNMLZ,sej pëti ri,,,,
sojpase-take-out-ptcp,yab,sojpa-se,sojpase-take-out-ptcp,take_out-PTCP; take_out-SUP,sojpa se,,,,
sematopo-die-circ-nmlz,yab,sëma-topo,sematopo-die-circ-nmlz,die-CIRC.NMLZ,sëma topo,,,,
wejkase-fall-ptcp,yab,wëjka-se,wejkase-fall-ptcp,fall-PTCP; fall-SUP,wëjka se,,,,
empampo-learn-des,yab,ëmpam-po,empampo-learn-des,learn-DES,ëmpam po,,,,
intojpe-see-purp,yab,in-tojpe,intojpe-see-purp,see-PURP,in tojpe,,,,
winijpo-sleep-des,yab,wïnïj-po,winijpo-sleep-des,sleep-DES,wïnïj po,,,,
kuneri-cook-acnnmlz,yab,kunë-ri,kuneri-cook-acnnmlz,cook-ACNNMLZ,kunë ri,,,,
yojtopo-eat-starch-circ-nmlz,yab,yoj-topo,yojtopo-eat-starch-circ-nmlz,eat(starch)-CIRC.NMLZ,yoj topo,,,,
sukasemi-all-nmlz,yab,sukase-mï,sukasemi-all-nmlz,all-NMLZ,sukase mï,,,,
nankajpe-find-pst-acnnmlz,yab,nanka-jpë,nankajpe-find-pst-acnnmlz,find-PST.ACNNMLZ,nanka jpë,,,,
yeniri-drink-acnnmlz-1,yab,yeni-ri,yeniri-drink-acnnmlz-1,drink-ACNNMLZ,yeni ri,,,,
intane-see-cncs,yab,in-tane,intane-see-cncs,see-CNCS,in tane,,,,
wejtetoj-go-down-circ-nmlz,yab,wëjtë-toj,wejtetoj-go-down-circ-nmlz,go_down-CIRC.NMLZ,wëjtë toj,,,,
senkatoj-finish-circ-nmlz,yab,s-ënka-toj,senkatoj-finish-circ-nmlz,finish-CIRC.NMLZ,s ënka toj,,,,
patakase-take-out-ptcp,yab,pataka-se,patakase-take-out-ptcp,take_out-PTCP; take_out-SUP,pata ka se,,,,
keyetase-grow-ptcp,yab,këyeta-se,keyetase-grow-ptcp,grow-PTCP; grow-SUP,këye ta se,,,,
chijtoj-cop-circ-nmlz,yab,chij-toj,chijtoj-cop-circ-nmlz,COP-CIRC.NMLZ,chij toj,,,,
nemepeti-leave-plur,yab,nëmë-pëti,nemepeti-leave-plur,leave-PLUR,nëmë pëti,,,,
yujwapeti-burn-plur,yab,yujwa-pëti,yujwapeti-burn-plur,burn-PLUR,yujwa pëti,,,,
keyatapej-grow-plur,yab,këyata-pëj,keyatapej-grow-plur,grow-PLUR,këya ta pëj,,,,
papapijke-father-dim,yab,papa-pïjkë,papapijke-father-dim,father-DIM,papa pïjkë,,,,
tesape-go-abs-nmlz,yab,të-sapë,tesape-go-abs-nmlz,go-ABS.NMLZ,të sapë,,,,
yawankatoj-kill-circ-nmlz,yab,yawanka-toj,yawankatoj-kill-circ-nmlz,kill-CIRC.NMLZ,yawanka toj,,,,
yamanpej-make-plur,yab,yaman-pëj,yamanpej-make-plur,make-PLUR,yaman pëj,,,,
poyeno-above-nmlz,yab,poye-no,poyeno-above-nmlz,above-NMLZ,poye no,,,,
yenepepej-send-away-plur,yab,yenepe-pëj,yenepepej-send-away-plur,send_away-PLUR,yenepe pëj,,,,
wejpej-come-plur,yab,wej-pëj,wejpej-come-plur,come-PLUR,wej pëj,,,,
tampasape-become-angry-abs-nmlz,yab,tampa-sapë,tampasape-become-angry-abs-nmlz,become_angry-ABS.NMLZ,tampa sapë,,,,
winijtane-sleep-cncs,yab,wïnïj-tane,winijtane-sleep-cncs,sleep-CNCS,wïnïj tane,,,,
yawankapej-kill-plur,yab,yawanka-pëj,yawankapej-kill-plur,kill-PLUR,yawanka pëj,,,,
yaketepej-cut-plur,yab,yakëtë-pëj,yaketepej-cut-plur,cut-PLUR,yakëtë pëj,,,,
inchaj-see-abs-nmlz,yab,in-chaj,inchaj-see-abs-nmlz,see-ABS.NMLZ,in chaj,,,,
yawono-loc-nmlz,yab,yawo-no,yawono-loc-nmlz,LOC-NMLZ,yawo no,,,,
yemese-eat-fruits-eggs-soup-ptcp,yab,yeme-se,yemese-eat-fruits-eggs-soup-ptcp,"eat(fruits,_eggs,_soup)-PTCP; eat(fruits,_eggs,_soup)-SUP",yeme se,,,,
yemepo-eat-fruits-eggs-soup-des,yab,yeme-po,yemepo-eat-fruits-eggs-soup-des,"eat(fruits,_eggs,_soup)-DES",yeme po,,,,
nopan-good-nmlz,yab,nop-an,nopan-good-nmlz,good-NMLZ,nop an,,,,
wetopo-kill-circ-nmlz,yab,wë-topo,wetopo-kill-circ-nmlz,kill-CIRC.NMLZ,wë topo,,,,
tapiremi-red-nmlz,yab,tapire-mï,tapiremi-red-nmlz,red-NMLZ,tapi re mï,,,,
winijsape-sleep-abs-nmlz,yab,wïnïj-sapë,winijsape-sleep-abs-nmlz,sleep-ABS.NMLZ,wïnïj sapë,,,,
apatakari-come-out-acnnmlz,yab,a-pataka-ri,apatakari-come-out-acnnmlz,come_out-ACNNMLZ,a pata ka ri,,,,
waraijtoke-husband-prop,yab,waraijto-ke,waraijtoke-husband-prop,husband-PROP,waraijto ke,,,,
patakapeti-take-out-plur,yab,pataka-pëti,patakapeti-take-out-plur,take_out-PLUR,pata ka pëti,,,,
esemapo-die-des,yab,ësëma-po,esemapo-die-des,die-DES,ësëma po,,,,
semapo-die-des,yab,sëma-po,semapo-die-des,die-DES,sëma po,,,,
nejtane-bring-cncs,yab,nej-tane,nejtane-bring-cncs,bring-CNCS,nej tane,,,,
yanri-pick-up-acnnmlz,yab,yan-ri,yanri-pick-up-acnnmlz,pick_up-ACNNMLZ,yan ri,,,,
winijse-sleep-ptcp,yab,wïnïj-se,winijse-sleep-ptcp,sleep-PTCP; sleep-SUP,wïnïj se,,,,
wurijyampijke-woman-dim,yab,wurijyam-pïjkë,wurijyampijke-woman-dim,woman-DIM,wurijyam pïjkë,,,,
naijpeti-do-plur,yab,naij-pëti,naijpeti-do-plur,do-PLUR,naij pëti,,,,
ejwenakajpe-vomit-pst-acnnmlz,yab,ëj-wenaka-jpë,ejwenakajpe-vomit-pst-acnnmlz,vomit-PST.ACNNMLZ,ëj wena ka jpë,,,,
inpeti-see-plur,yab,in-pëti,inpeti-see-plur,see-PLUR,in pëti,,,,
tipapej-go-in-group-plur,yab,tipa-pëj,tipapej-go-in-group-plur,go_in_group-PLUR,tipa pëj,,,,
mukuke-child-prop,yab,muku-ke,mukuke-child-prop,child-PROP,muku ke,,,,
karasakem-white-nmlz,yab,karasake-m,karasakem-white-nmlz,white-NMLZ,karasake m,,,,
yenepo-eat-meat-des,yab,yënë-po,yenepo-eat-meat-des,eat(meat)-DES,yënë po,,,,
rokari-wash-acnnmlz,yab,roka-ri,rokari-wash-acnnmlz,wash-ACNNMLZ,roka ri,,,,
weretapej-arrive-plur,yab,wereta-pëj,weretapej-arrive-plur,arrive-PLUR,wereta pëj,,,,
weretari-arrive-acnnmlz,yab,wereta-ri,weretari-arrive-acnnmlz,arrive-ACNNMLZ,wereta ri,,,,
winijpej-sleep-plur,yab,wïnïj-pëj,winijpej-sleep-plur,sleep-PLUR,wïnïj pëj,,,,
yantoj-pick-up-circ-nmlz,yab,yan-toj,yantoj-pick-up-circ-nmlz,pick_up-CIRC.NMLZ,yan toj,,,,
yamantane-make-cncs,yab,yaman-tane,yamantane-make-cncs,make-CNCS,yaman tane,,,,
kamwiyajkase-change-ptcp,yab,kamwiyajka-se,kamwiyajkase-change-ptcp,change-PTCP; change-SUP,kamwiyajka se,,,,
tase-say-ptcp,yab,ta-se,tase-say-ptcp,say-PTCP; say-SUP,ta se,,,,
atike-plot-of-cultivated-land-prop,yab,ati-ke,atike-plot-of-cultivated-land-prop,plot_of_cultivated_land-PROP,ati ke,,,,
wejteri-go-down-acnnmlz,yab,wëjtë-ri,wejteri-go-down-acnnmlz,go_down-ACNNMLZ,wëjtë ri,,,,
enujtane-go-up-cncs,yab,ënuj-tane,enujtane-go-up-cncs,go_up-CNCS,ënuj tane,,,,
enukuri-go-up-acnnmlz,yab,ënuku-ri,enukuri-go-up-acnnmlz,go_up-ACNNMLZ,ënuku ri,,,,
esemapej-die-plur,yab,ësëma-pëj,esemapej-die-plur,die-PLUR,ësëma pëj,,,,
ejpenakapeti-return-plur,yab,ëjpënaka-pëti,ejpenakapeti-return-plur,return-PLUR,ëj pënaka pëti,,,,
waimutane-speak-cncs,yab,waimu-tane,waimutane-speak-cncs,speak-CNCS,waimu tane,,,,
tetane-go-cncs,yab,të-tane,tetane-go-cncs,go-CNCS,të tane,,,,
ejnemese-remain-ptcp,yab,ëj-nëmë-se,ejnemese-remain-ptcp,remain-PTCP; remain-SUP,ëj nëmë se,,,,
yampo-pick-up-des,yab,yam-po,yampo-pick-up-des,pick_up-DES,yam po,,,,
itatane-hear-cncs,yab,ita-tane,itatane-hear-cncs,hear-CNCS,ita tane,,,,
wetane-kill-cncs,yab,wë-tane,wetane-kill-cncs,kill-CNCS,wë tane,,,,
wejkari-fall-acnnmlz,yab,wëjka-ri,wejkari-fall-acnnmlz,fall-ACNNMLZ,wëjka ri,,,,
kamwiyajkapo-change-des,yab,kamwiyajka-po,kamwiyajkapo-change-des,change-DES,kamwiyajka po,,,,
yanepijke-mother-dim,yab,yanë-pïjkë,yanepijke-mother-dim,mother-DIM,yanë pïjkë,,,,
tupo-give-des,yab,tu-po,tupo-give-des,give-DES,tu po,,,,
asamori-cry-acnnmlz,yab,asamo-ri,asamori-cry-acnnmlz,cry-ACNNMLZ,asamo ri,,,,
teijpono-far-nmlz-1,yab,tëijpo-no,teijpono-far-nmlz-1,far-NMLZ; long-NMLZ,tëijpo no,,,,
tarori-say-acnnmlz,yab,taro-ri,tarori-say-acnnmlz,say-ACNNMLZ,taro ri,,,,
tojpapej-hit-plur,yab,tojpa-pëj,tojpapej-hit-plur,hit-PLUR,tojpa pëj,,,,
yansape-pick-up-abs-nmlz,yab,yan-sapë,yansape-pick-up-abs-nmlz,pick_up-ABS.NMLZ,yan sapë,,,,
yakaramasape-tell-abs-nmlz,yab,yakarama-sapë,yakaramasape-tell-abs-nmlz,tell-ABS.NMLZ,yakara ma sapë,,,,
pojteni-want-agtnmlz,yab,pojtë-ni,pojteni-want-agtnmlz,want-AGTNMLZ,pojtë ni,,,,
yawankase-kill-ptcp,yab,yawanka-se,yawankase-kill-ptcp,kill-PTCP; kill-SUP,yawanka se,,,,
warotapo-work-des,yab,warota-po,warotapo-work-des,work-DES,warota po,,,,
mujnajtese-bury-ptcp,yab,mujnajtë-se,mujnajtese-bury-ptcp,bury-PTCP; bury-SUP,mujna jtë se,,,,
wejpeti-come-plur,yab,wej-pëti,wejpeti-come-plur,come-PLUR,wej pëti,,,,
senkane-finish-inf,yab,s-ënka-në,senkane-finish-inf,finish-INF,s ënka në,,,,
wejkatopo-fall-circ-nmlz,yab,wëjka-topo,wejkatopo-fall-circ-nmlz,fall-CIRC.NMLZ,wëjka topo,,,,
waimune-speak-inf,yab,waimu-në,waimune-speak-inf,speak-INF,waimu në,,,,
semone-cry-inf,yab,sëmo-në,semone-cry-inf,cry-INF,sëmo në,,,,
ipej-put-plur,yab,i-pëj,ipej-put-plur,put-PLUR,i pëj,,,,
tapari-beat-acnnmlz,yab,tapa-ri,tapari-beat-acnnmlz,beat-ACNNMLZ,tapa ri,,,,
itapej-hear-plur,yab,ita-pëj,itapej-hear-plur,hear-PLUR,ita pëj,,,,
ise-put-ptcp,yab,i-se,ise-put-ptcp,put-PTCP; put-SUP,i se,,,,
itajpe-hear-pst-acnnmlz,yab,ita-jpë,itajpe-hear-pst-acnnmlz,hear-PST.ACNNMLZ,ita jpë,,,,
yarepej-bring-plur,yab,yarë-pëj,yarepej-bring-plur,bring-PLUR,yarë pëj,,,,
wenkejne-forget-inf,yab,wënkej-në,wenkejne-forget-inf,forget-INF,wënkej në,,,,
yapejpeti-grab-plur,yab,yapëj-pëti,yapejpeti-grab-plur,grab-PLUR,yapëj pëti,,,,
semopej-cry-plur,yab,sëmo-pëj,semopej-cry-plur,cry-PLUR,sëmo pëj,,,,
tetopo-go-circ-nmlz,yab,të-topo,tetopo-go-circ-nmlz,go-CIRC.NMLZ,të topo,,,,
kaimotatopo-hunt-circ-nmlz,yab,kaimota-topo,kaimotatopo-hunt-circ-nmlz,hunt-CIRC.NMLZ,kaimo ta topo,,,,
yewukuri-answer-acnnmlz,yab,yëwuku-ri,yewukuri-answer-acnnmlz,answer-ACNNMLZ,yëwuku ri,,,,
epese-escape-ptcp,yab,epe-se,epese-escape-ptcp,escape-PTCP; escape-SUP; hide_and_seek-PTCP; hide_and_seek-SUP,epe se,,,,
enirom-now-nmlz,yab,eniro-m,enirom-now-nmlz,now-NMLZ; today-NMLZ,eniro m,,,,
semekiri-defend-acnnmlz,yab,semekï-ri,semekiri-defend-acnnmlz,defend-ACNNMLZ,semekï ri,,,,
sempinujsape-close-eyes-abs-nmlz,yab,sëmpinuj-sapë,sempinujsape-close-eyes-abs-nmlz,close_eyes-ABS.NMLZ,sëmpinuj sapë,,,,
sempinujtopo-close-eyes-circ-nmlz,yab,sëmpinuj-topo,sempinujtopo-close-eyes-circ-nmlz,close_eyes-CIRC.NMLZ,sëmpinuj topo,,,,
wintikari-disappear-acnnmlz,yab,wintika-ri,wintikari-disappear-acnnmlz,disappear-ACNNMLZ,wintika ri,,,,
yamaneri-make-acnnmlz,yab,yamanë-ri,yamaneri-make-acnnmlz,make-ACNNMLZ,yamanë ri,,,,
yojmatopo-mix-circ-nmlz,yab,yojma-topo,yojmatopo-mix-circ-nmlz,mix-CIRC.NMLZ,yojma topo,,,,
kerepijke-old-dim,yab,kërë-pïjkë,kerepijke-old-dim,old-DIM,kërë pïjkë,,,,
yateno-loc-nmlz,yab,yatë-no,yateno-loc-nmlz,LOC-NMLZ,yatë no,,,,
yemetopo-eat-fruits-eggs-soup-circ-nmlz,yab,yeme-topo,yemetopo-eat-fruits-eggs-soup-circ-nmlz,"eat(fruits,_eggs,_soup)-CIRC.NMLZ",yeme topo,,,,
yamanetane-make-cncs,yab,yamanë-tane,yamanetane-make-cncs,make-CNCS,yamanë tane,,,,
yempekapo-offend-des,yab,yëmpëka-po,yempekapo-offend-des,offend-DES,yëmpëka po,,,,
empamiri-learn-acnnmlz,yab,ëmpamï-ri,empamiri-learn-acnnmlz,learn-ACNNMLZ,ëmpamï ri,,,,
wenkejsape-forget-abs-nmlz,yab,wënkej-sapë,wenkejsape-forget-abs-nmlz,forget-ABS.NMLZ,wënkej sapë,,,,
wintikapej-disappear-plur,yab,wintika-pëj,wintikapej-disappear-plur,disappear-PLUR,wintika pëj,,,,
waimurunpej-speak-plur,yab,waimurun-pëj,waimurunpej-speak-plur,speak-PLUR,waimurun pëj,,,,
waimupo-speak-des,yab,waimu-po,waimupo-speak-des,speak-DES,waimu po,,,,
yareni-bring-agtnmlz,yab,yarë-ni,yareni-bring-agtnmlz,bring-AGTNMLZ,yarë ni,,,,
sopikase-skin-ptcp,yab,sopika-se,sopikase-skin-ptcp,skin-PTCP; skin-SUP,sopika se,,,,
wontoj-enter-circ-nmlz,yab,won-toj,wontoj-enter-circ-nmlz,enter-CIRC.NMLZ,won toj,,,,
yareri-bring-acnnmlz,yab,yarë-ri,yareri-bring-acnnmlz,bring-ACNNMLZ,yarë ri,,,,
yojri-eat-starch-acnnmlz,yab,yoj-ri,yojri-eat-starch-acnnmlz,eat(starch)-ACNNMLZ,yoj ri,,,,
ajpachike-undergrowth-prop,yab,ajpachi-ke,ajpachike-undergrowth-prop,undergrowth-PROP,ajpachi ke,,,,
nejpeti-bring-plur,yab,nej-pëti,nejpeti-bring-plur,bring-PLUR,nej pëti,,,,
