ID,Name,Description,Media_Type,Download_URL
ctorat-01,,,wav,
ctorat-02,,,wav,
ctorat-03,,,wav,
ctorat-04,,,wav,
ctorat-05,,,wav,
ctorat-06,,,wav,
ctorat-07,,,wav,
ctorat-08,,,wav,
ctorat-09,,,wav,
ctorat-10,,,wav,
ctorat-11,,,wav,
ctorat-12,,,wav,
ctorat-13,,,wav,
ctorat-14,,,wav,
ctorat-15,,,wav,
ctorat-16,,,wav,
ctorat-17,,,wav,
ctorat-18,,,wav,
ctorat-19,,,wav,
ctorat-20,,,wav,
ctorat-21,,,wav,
ctorat-22,,,wav,
ctorat-23,,,wav,
ctorat-24,,,wav,
ctorat-25,,,wav,
ctorat-26,,,wav,
ctorat-27,,,wav,
ctorat-28,,,wav,
ctorat-29,,,wav,
ctorat-30,,,wav,
ctorat-31,,,wav,
ctorat-32,,,wav,
ctorat-33,,,wav,
ctorat-34,,,wav,
ctorat-35,,,wav,
ctorat-36,,,wav,
ctorat-37,,,wav,
ctorat-38,,,wav,
ctorat-39,,,wav,
ctorat-40,,,wav,
ctorat-41,,,wav,
ctorat-42,,,wav,
ctorat-43,,,wav,
ctorat-44,,,wav,
ctorat-45,,,wav,
ctorat-46,,,wav,
convrisamaj-01,,,wav,
convrisamaj-02,,,wav,
convrisamaj-03,,,wav,
convrisamaj-04,,,wav,
convrisamaj-05,,,wav,
convrisamaj-06,,,wav,
convrisamaj-07,,,wav,
convrisamaj-09,,,wav,
convrisamaj-10,,,wav,
convrisamaj-11,,,wav,
convrisamaj-12,,,wav,
convrisamaj-13,,,wav,
convrisamaj-14,,,wav,
convrisamaj-15,,,wav,
convrisamaj-16,,,wav,
convrisamaj-17,,,wav,
convrisamaj-18,,,wav,
convrisamaj-19,,,wav,
convrisamaj-20,,,wav,
convrisamaj-21,,,wav,
convrisamaj-22,,,wav,
convrisamaj-23,,,wav,
convrisamaj-24,,,wav,
convrisamaj-25,,,wav,
convrisamaj-26,,,wav,
convrisamaj-27,,,wav,
convrisamaj-28,,,wav,
convrisamaj-29,,,wav,
convrisamaj-30,,,wav,
convrisamaj-31,,,wav,
convrisamaj-32,,,wav,
convrisamaj-33,,,wav,
convrisamaj-34,,,wav,
convrisamaj-35,,,wav,
convrisamaj-36,,,wav,
convrisamaj-37,,,wav,
convrisamaj-38,,,wav,
convrisamaj-39,,,wav,
convrisamaj-40,,,wav,
convrisamaj-41,,,wav,
convrisamaj-42,,,wav,
convrisamaj-43,,,wav,
convrisamaj-44,,,wav,
convrisamaj-46,,,wav,
convrisamaj-47,,,wav,
convrisamaj-48,,,wav,
convrisamaj-49,,,wav,
convrisamaj-50,,,wav,
convrisamaj-53,,,wav,
convrisamaj-54,,,wav,
histpajirdi-001,,,wav,
histpajirdi-002,,,wav,
histpajirdi-003,,,wav,
histpajirdi-004,,,wav,
histpajirdi-005,,,wav,
histpajirdi-006,,,wav,
histpajirdi-007,,,wav,
histpajirdi-008,,,wav,
histpajirdi-009,,,wav,
histpajirdi-010,,,wav,
histpajirdi-011,,,wav,
histpajirdi-012,,,wav,
histpajirdi-013,,,wav,
histpajirdi-014,,,wav,
histpajirdi-015,,,wav,
histpajirdi-016,,,wav,
histpajirdi-017,,,wav,
histpajirdi-018,,,wav,
histpajirdi-019,,,wav,
histpajirdi-020,,,wav,
histpajirdi-021,,,wav,
histpajirdi-022,,,wav,
histpajirdi-023,,,wav,
histpajirdi-024,,,wav,
histpajirdi-025,,,wav,
histpajirdi-026,,,wav,
histpajirdi-027,,,wav,
histpajirdi-028,,,wav,
histpajirdi-029,,,wav,
histpajirdi-030,,,wav,
histpajirdi-031,,,wav,
histpajirdi-032,,,wav,
histpajirdi-033,,,wav,
histpajirdi-034,,,wav,
histpajirdi-035,,,wav,
histpajirdi-036,,,wav,
histpajirdi-037,,,wav,
histpajirdi-038,,,wav,
histpajirdi-039,,,wav,
histpajirdi-040,,,wav,
histpajirdi-041,,,wav,
histpajirdi-042,,,wav,
histpajirdi-043,,,wav,
histpajirdi-044,,,wav,
histpajirdi-045,,,wav,
histpajirdi-046,,,wav,
histpajirdi-047,,,wav,
histpajirdi-048,,,wav,
histpajirdi-049,,,wav,
histpajirdi-050,,,wav,
histpajirdi-051,,,wav,
histpajirdi-052,,,wav,
histpajirdi-053,,,wav,
histpajirdi-054,,,wav,
histpajirdi-055,,,wav,
histpajirdi-056,,,wav,
histpajirdi-057,,,wav,
histpajirdi-058,,,wav,
histpajirdi-059,,,wav,
histpajirdi-060,,,wav,
histpajirdi-061,,,wav,
histpajirdi-062,,,wav,
histpajirdi-063,,,wav,
histpajirdi-064,,,wav,
histpajirdi-065,,,wav,
histpajirdi-066,,,wav,
histpajirdi-067,,,wav,
histpajirdi-068,,,wav,
histpajirdi-069,,,wav,
histpajirdi-070,,,wav,
histpajirdi-071,,,wav,
histpajirdi-072,,,wav,
histpajirdi-073,,,wav,
histpajirdi-074,,,wav,
histpajirdi-075,,,wav,
histpajirdi-076,,,wav,
histpajirdi-077,,,wav,
histpajirdi-078,,,wav,
histpajirdi-079,,,wav,
histpajirdi-080,,,wav,
histpajirdi-081,,,wav,
histpajirdi-082,,,wav,
histpajirdi-083,,,wav,
histpajirdi-084,,,wav,
histpajirdi-085,,,wav,
histpajirdi-086,,,wav,
histpajirdi-087,,,wav,
histpajirdi-088,,,wav,
histpajirdi-089,,,wav,
histpajirdi-090,,,wav,
histpajirdi-091,,,wav,
histpajirdi-092,,,wav,
histpajirdi-093,,,wav,
histpajirdi-094,,,wav,
histpajirdi-095,,,wav,
histpajirdi-096,,,wav,
histpajirdi-097,,,wav,
histpajirdi-098,,,wav,
histpajirdi-099,,,wav,
histpajirdi-100,,,wav,
histpajirdi-101,,,wav,
histpajirdi-102,,,wav,
histpajirdi-103,,,wav,
histpajirdi-104,,,wav,
histpajirdi-105,,,wav,
histpajirdi-106,,,wav,
histpajirdi-107,,,wav,
histpajirdi-108,,,wav,
histpajirdi-109,,,wav,
histpajirdi-110,,,wav,
histpajirdi-111,,,wav,
histpajirdi-112,,,wav,
histpajirdi-113,,,wav,
histpajirdi-114,,,wav,
histpajirdi-115,,,wav,
histpajirdi-116,,,wav,
histpajirdi-117,,,wav,
histpajirdi-118,,,wav,
histpajirdi-119,,,wav,
histpajirdi-120,,,wav,
histpajirdi-121,,,wav,
histpajirdi-122,,,wav,
histpajirdi-123,,,wav,
histpajirdi-124,,,wav,
histpajirdi-125,,,wav,
histpajirdi-126,,,wav,
histpajirdi-127,,,wav,
histpajirdi-128,,,wav,
histpajirdi-129,,,wav,
histpajirdi-130,,,wav,
histpajirdi-131,,,wav,
histpajirdi-132,,,wav,
histpajirdi-133,,,wav,
histpajirdi-134,,,wav,
histpajirdi-135,,,wav,
histpajirdi-136,,,wav,
histpajirdi-137,,,wav,
histpajirdi-138,,,wav,
histpajirdi-139,,,wav,
histpajirdi-140,,,wav,
histpajirdi-141,,,wav,
histpajirdi-142,,,wav,
histpajirdi-143,,,wav,
histpajirdi-144,,,wav,
histpajirdi-145,,,wav,
histpajirdi-146,,,wav,
histpajirdi-147,,,wav,
histpajirdi-148,,,wav,
histpajirdi-149,,,wav,
histpajirdi-150,,,wav,
histpajirdi-151,,,wav,
histpajirdi-152,,,wav,
histpajirdi-153,,,wav,
histpajirdi-154,,,wav,
histpajirdi-155,,,wav,
histpajirdi-156,,,wav,
histpajirdi-157,,,wav,
histpajirdi-158,,,wav,
histpajirdi-159,,,wav,
histpajirdi-160,,,wav,
histpajirdi-161,,,wav,
histpajirdi-162,,,wav,
histpajirdi-163,,,wav,
histpajirdi-164,,,wav,
histpajirdi-165,,,wav,
histpajirdi-166,,,wav,
histpajirdi-167,,,wav,
histpajirdi-168,,,wav,
histpajirdi-169,,,wav,
histpajirdi-170,,,wav,
histpajirdi-171,,,wav,
histpajirdi-172,,,wav,
histpajirdi-173,,,wav,
histpajirdi-174,,,wav,
histpajirdi-175,,,wav,
histpajirdi-176,,,wav,
histpajirdi-177,,,wav,
histpajirdi-178,,,wav,
histpajirdi-179,,,wav,
histpajirdi-180,,,wav,
histpajirdi-181,,,wav,
histpajirdi-182,,,wav,
histpajirdi-183,,,wav,
histpajirdi-184,,,wav,
histpajirdi-185,,,wav,
histpajirdi-186,,,wav,
histpajirdi-187,,,wav,
histpajirdi-188,,,wav,
histpajirdi-189,,,wav,
histpajirdi-190,,,wav,
histpajirdi-191,,,wav,
histpajirdi-192,,,wav,
histpajirdi-193,,,wav,
histpajirdi-194,,,wav,
histpajirdi-195,,,wav,
histpajirdi-196,,,wav,
histpajirdi-197,,,wav,
histpajirdi-198,,,wav,
histpajirdi-199,,,wav,
histpajirdi-200,,,wav,
histpajirdi-201,,,wav,
histpajirdi-202,,,wav,
histpajirdi-203,,,wav,
histpajirdi-204,,,wav,
histpajirdi-205,,,wav,
histpajirdi-206,,,wav,
histpajirdi-207,,,wav,
histpajirdi-208,,,wav,
histpajirdi-209,,,wav,
histpajirdi-210,,,wav,
histpajirdi-211,,,wav,
histpajirdi-212,,,wav,
histpajirdi-213,,,wav,
histpajirdi-214,,,wav,
histpajirdi-215,,,wav,
histpajirdi-216,,,wav,
histpajirdi-217,,,wav,
histpajirdi-218,,,wav,
histpajirdi-219,,,wav,
histpajirdi-220,,,wav,
histpajirdi-221,,,wav,
histpajirdi-222,,,wav,
histpajirdi-223,,,wav,
histpajirdi-224,,,wav,
histpajirdi-225,,,wav,
histpajirdi-226,,,wav,
histpajirdi-227,,,wav,
histpajirdi-228,,,wav,
histpajirdi-229,,,wav,
histpajirdi-230,,,wav,
histpajirdi-231,,,wav,
histpajirdi-232,,,wav,
histpajirdi-233,,,wav,
histpajirdi-234,,,wav,
histpajirdi-235,,,wav,
histpajirdi-236,,,wav,
histpajirdi-237,,,wav,
histpajirdi-238,,,wav,
histpajirdi-239,,,wav,
histpajirdi-240,,,wav,
histpajirdi-241,,,wav,
histpajirdi-242,,,wav,
histpajirdi-243,,,wav,
histpajirdi-244,,,wav,
histpajirdi-245,,,wav,
histpajirdi-246,,,wav,
histpajirdi-247,,,wav,
histpajirdi-248,,,wav,
histpajirdi-249,,,wav,
histpajirdi-250,,,wav,
histpajirdi-251,,,wav,
histpajirdi-252,,,wav,
histpajirdi-253,,,wav,
histpajirdi-254,,,wav,
histpajirdi-255,,,wav,
histpajirdi-256,,,wav,
histpajirdi-257,,,wav,
histpajirdi-258,,,wav,
histpajirdi-259,,,wav,
histpajirdi-260,,,wav,
histpajirdi-261,,,wav,
histpajirdi-262,,,wav,
histpajirdi-263,,,wav,
histpajirdi-264,,,wav,
histpajirdi-265,,,wav,
histpajirdi-266,,,wav,
histpajirdi-267,,,wav,
histpajirdi-268,,,wav,
histpajirdi-269,,,wav,
histpajirdi-270,,,wav,
histpajirdi-271,,,wav,
histpajirdi-272,,,wav,
histpajirdi-273,,,wav,
histpajirdi-274,,,wav,
histpajirdi-275,,,wav,
histpajirdi-276,,,wav,
histpajirdi-277,,,wav,
histpajirdi-278,,,wav,
histpajirdi-279,,,wav,
histpajirdi-280,,,wav,
histpajirdi-281,,,wav,
histpajirdi-282,,,wav,
histpajirdi-283,,,wav,
histpajirdi-284,,,wav,
histpajirdi-285,,,wav,
histpajirdi-286,,,wav,
62e12d1c-dd51-4a74-af84-2c7b0b87d0c12-ri-zero,YarLex_1928_PaPe_ta_yojtesemi,,wav,
661dfe17-72bb-4a4f-aac2-e6d211c3b46b0,YarLex_2197_AnFo_waijta,,wav,
2d4fe89b-c49d-4d19-86ae-209f48c5b2250,YarLex_0494_AnFo_irejpe,,wav,
ta-like-0,YarLex_1928_PaPe_ta_yojtesemi,,wav,
041cd4a0-4dca-4c25-8f2f-ebceb26331430,YarLex_1915_AnFo_tawani,,wav,
yaweloc-0,YarLex_2622_PaPe_yawe,,wav,
e3b3482c-4e80-4935-9308-c271dff140970,YarLex_0666_PaPe_kawe,,wav,
3b92fde8-f646-47dd-b190-18c1ca2d60791,YarLex_1908_AnFo_tawara,,wav,
587b3015-391a-4db2-b4b9-0e92563a53320,YarLex_2046_AnFo_tewi,,wav,
01feb68b-3266-4cd2-88a7-6234865d1cbf0,YarLex_2368_PaPe_wejtane,,wav,
b97a0ed7-7ceb-4cab-83d8-5b30b45d9a590,YarLex_1420_PaPe_pirare,,wav,
79766ee2-3962-4bcd-ae1b-bcc332d75e880-rupert,YarLex_2377_PaPe_wenaru,,wav,
7ccdea1f-add1-4fd0-b650-5473ccff99fd0,YarLex_1021_AnFo_morone,,wav,
2b5fa12b-1e2c-4dcb-92bd-48dfa2a328420,YarLex_2428_PaPe_wire,,wav,
02c99f34-5b27-4ff8-819a-dc4a34dca14e0,YarLex_0718_AnFo_kerejpe,,wav,
97376aaf-48ae-4848-b0b5-80e15dcc0f640,YarLex_1408_AnFo_pinika,,wav,
13cd1d8d-11c6-434c-aa1f-02e60843e20f1,YarLex_0486_PaPe_intipijke,,wav,
d60c16f6-6d07-454e-8e29-02ac2e523b210,YarLex_2964_PaPe_papa_pijke,,wav,
e9153cf6-9be7-49e6-bcfc-e0ce6a619ad00,YarLex_0094_AnFo_aroma,,wav,
asamo-0-ri,YarLex_0112_AnFo_asamori-02,,wav,
d76755e4-0428-44f1-8e3e-0a7c53f3299a0,YarLex_1222_AnFo_pachi,,wav,
984c0006-d17d-4c00-bf9d-c9d619efc53d0,YarLex_2944_PaPe_muku_yaseti,,wav,
i32-a5589c54-8bcd-40e2-9d28-b29f1592ccd30-ri,YarLex_0455_PaPe_ijteri,,wav,
panadat-0,YarLex_1245_AnFo_pana_yejtari,,wav,
fbfba517-2e95-49ee-a166-ba024120a1660-pstjpe1,YarLex_1282_AnFo_patajpe,,wav,
4604aff4-10aa-40dd-9995-f14ff00422af0,YarLex_1414_AnFo_pipi_kampara,,wav,
23a588f1-4d83-4973-a6db-2a25f9f017e90,YarLex_2402_AnFo_weroro,,wav,
e737d222-c9df-462a-bb49-9b7c675222920,YarLex_1694_PaPe_sere_yekeese,,wav,
it3-1e660160-fcfa-4356-963c-7ce339c95c530,YarLex_1826_AnFo_takere,,wav,
pijke-dim-0,YarLex_2986_AnFo_pijke,,wav,
db2ee1eb-62e7-439d-bad9-bd65ee3a230b0-ri,YarLex_0485_PaPe_iniri,,wav,
866eb4fd-5869-403f-a12d-922cb0f26a9a0-ri,YarLex_2581_AnFo_yaruwari,,wav,
6834a422-bece-4f7c-9e98-baa8ba7f2f381,YarLex_1007_AnFo_mokontomo,,wav,
7770d7b9-08b4-478c-a7a1-3db99929fc4b0,YarLex_2148_AnFo_tunampe,,wav,
chi-ch-chij-cop-0-ri,YarLex_0235_AnFo_chiri,,wav,
31f8c6fb-23e7-448a-8b2c-4cf698a01a6d0,YarLex_2048_PaPe_tewisantomo,,wav,
a6194807-28a2-45e2-a45f-e335729278fb0,YarLex_1271_AnFo_pare,,wav,
62e12d1c-dd51-4a74-af84-2c7b0b87d0c12-ri,YarLex_1888_AnFo_tari,,wav,
e4e9ed1e-f5ad-485b-a3ab-08c1ee75d3150,YarLex_2118_PaPe_toto,,wav,
72a3a43c-8f74-4c86-967a-caf0649c90390,YarLex_0068_PaPe_apo,,wav,
5bf1c4e0-b285-4900-af83-371ae8b2be950-ri-ri,YarLex_2609_PaPe_yawakiri,,wav,
763cd0a8-2338-47f6-be83-51c37991b1291,YarLex_2603_PaPe_yatun_yawono,,wav,
984c0006-d17d-4c00-bf9d-c9d619efc53d0-pijkedim,YarLex_1066_AnFo_mukupijke,,wav,
f43f24c6-70f2-4f76-9968-89c93c36e6a80,YarLex_1023_AnFo_moroni,,wav,
8d43305e-ddde-494b-9a32-2481ac7112340,YarLex_1231_PaPe_pakara,,wav,
9f9386c6-b578-43d5-bab7-799a8a83b1fd0-ri-ri,YarLex_2381_AnFo_wenkepiri,,wav,
22f358b4-bc6f-46df-a2fc-3c800ddbecc60,YarLex_1506_PaPe_poye,,wav,
7cc6bc32-d27f-4900-a476-8233b39f126e0,YarLex_1245_AnFo_pana_yejtari,,wav,
55db3ac7-4711-4980-845e-4b966dff41bc0-ri-ri,YarLex_2389_AnFo_wepiri,,wav,
52a43911-b956-43e5-a771-9cb4612a6e4b1,YarLex_0489_PaPe_intompijke,,wav,
ylk-ba4e062c-47d3-40c5-b184-a9f7511dc2950,YarLex_2666_PaPe_yemekunu,,wav,
9b08ef13-a56a-4e19-acf8-5783e1ce46d30,YarLex_1446_AnFo_poijpe,,wav,
784793f4-7a39-41f8-bce9-790e98edeefb1-peess,YarLex_2039_PaPe_tetumpe,,wav,
b4213c12-4abe-46d2-9e9e-f2a745fd84640,YarLex_0767_PaPe_kojpaye,,wav,
17979045-3607-4747-86de-4cdeacfc568b0,YarLex_2394_AnFo_werewere,,wav,
